run_group,scenario,scenario_label,parameter,parameter_value,replicate,seed,metric,metric_label,source_column,last_window,last_mean,initial,final,delta_final_minus_initial
scr_0613_0539,baseline,Baseline CE,full_model,,0,24680,MEAN_LOCAL_CE_ACTIVATION,K1 mean local CE activation,MEAN_LOCAL_CE_ACTIVATION,24,0.018009254469126015,0.0,0.0179382978640079,0.0179382978640079
scr_0613_0539,baseline,Baseline CE,full_model,,0,24680,CEI_SIM,K2 flow-based citywide CE index,CEI_SIM,24,0.6191046847505338,0.3090200776864584,0.6303247138229335,0.32130463613647514
scr_0613_0539,baseline,Baseline CE,full_model,,0,24680,TRADES_COUNT_M,K3 CE flows,TRADES_COUNT_M,24,3887.5833333333335,2071.0,3954.0,1883.0
scr_0613_0539,baseline,Baseline CE,full_model,,0,24680,UNEMPLOYMENT,K4 unemployment,UNEMPLOYMENT,24,0.09071342972874197,0.0953646988347031,0.090545129292656,-0.004819569542047097
scr_0613_0539,baseline,Baseline CE,full_model,,0,24680,D_adv_exposure,K5 spatial-advantage exposure inequality,D_adv_exposure,24,0.17083829604465697,0.1378939902695001,0.169882892127228,0.0319889018577279
scr_0613_0539,baseline,Baseline CE,full_model,,0,24680,D_resources,K6 economic-resource inequality,D_resources,24,0.3881065329196303,0.3056171879604059,0.3462237247658014,0.0406065368053955
scr_0613_0539,baseline,Baseline CE,beta_cei,0.005,0,24680,MEAN_LOCAL_CE_ACTIVATION,K1 mean local CE activation,MEAN_LOCAL_CE_ACTIVATION,24,0.01826037079089386,0.0,0.0182759218630561,0.0182759218630561
scr_0613_0539,baseline,Baseline CE,beta_cei,0.005,0,24680,CEI_SIM,K2 flow-based citywide CE index,CEI_SIM,24,0.6182887893970532,0.3090200776864584,0.612722996289023,0.30370291860256465
scr_0613_0539,baseline,Baseline CE,beta_cei,0.005,0,24680,TRADES_COUNT_M,K3 CE flows,TRADES_COUNT_M,24,3888.4166666666665,2071.0,3868.0,1797.0
scr_0613_0539,baseline,Baseline CE,beta_cei,0.005,0,24680,UNEMPLOYMENT,K4 unemployment,UNEMPLOYMENT,24,0.10309144394698523,0.1015451003884323,0.1030636149814451,0.0015185145930128041
scr_0613_0539,baseline,Baseline CE,beta_cei,0.005,0,24680,D_adv_exposure,K5 spatial-advantage exposure inequality,D_adv_exposure,24,0.17063791204090373,0.1378939902695001,0.1696583714506625,0.0317643811811624
scr_0613_0539,baseline,Baseline CE,beta_cei,0.005,0,24680,D_resources,K6 economic-resource inequality,D_resources,24,0.3605344375388749,0.3056171879604059,0.3175806335321466,0.011963445571740727
scr_0613_0539,baseline,Baseline CE,beta_cei,0.0,0,24680,MEAN_LOCAL_CE_ACTIVATION,K1 mean local CE activation,MEAN_LOCAL_CE_ACTIVATION,24,0.017669318278433307,0.0,0.017351037827243,0.017351037827243
scr_0613_0539,baseline,Baseline CE,beta_cei,0.0,0,24680,CEI_SIM,K2 flow-based citywide CE index,CEI_SIM,24,0.6186011454279904,0.3090200776864584,0.6198417206426998,0.31082164295624143
scr_0613_0539,baseline,Baseline CE,beta_cei,0.0,0,24680,TRADES_COUNT_M,K3 CE flows,TRADES_COUNT_M,24,3885.9583333333335,2071.0,3895.0,1824.0
scr_0613_0539,baseline,Baseline CE,beta_cei,0.0,0,24680,UNEMPLOYMENT,K4 unemployment,UNEMPLOYMENT,24,0.10000000000000002,0.1,0.1,0.0
scr_0613_0539,baseline,Baseline CE,beta_cei,0.0,0,24680,D_adv_exposure,K5 spatial-advantage exposure inequality,D_adv_exposure,24,0.17040084653698306,0.1378939902695001,0.1692865339865585,0.03139254371705838
scr_0613_0539,baseline,Baseline CE,beta_cei,0.0,0,24680,D_resources,K6 economic-resource inequality,D_resources,24,0.37111955783405665,0.3056171879604059,0.3306090074749848,0.024991819514578906
scr_0613_0539,baseline,Baseline CE,beta_cei,-0.005,0,24680,MEAN_LOCAL_CE_ACTIVATION,K1 mean local CE activation,MEAN_LOCAL_CE_ACTIVATION,24,0.018705788915031014,0.0,0.0186402935391511,0.0186402935391511
scr_0613_0539,baseline,Baseline CE,beta_cei,-0.005,0,24680,CEI_SIM,K2 flow-based citywide CE index,CEI_SIM,24,0.6178077163056295,0.3090200776864584,0.6223931663623001,0.31337308867584174
scr_0613_0539,baseline,Baseline CE,beta_cei,-0.005,0,24680,TRADES_COUNT_M,K3 CE flows,TRADES_COUNT_M,24,3887.1666666666665,2071.0,3906.0,1835.0
scr_0613_0539,baseline,Baseline CE,beta_cei,-0.005,0,24680,UNEMPLOYMENT,K4 unemployment,UNEMPLOYMENT,24,0.09691096141847182,0.0984548996115677,0.0968880341681885,-0.001566865443379195
scr_0613_0539,baseline,Baseline CE,beta_cei,-0.005,0,24680,D_adv_exposure,K5 spatial-advantage exposure inequality,D_adv_exposure,24,0.16990661132945237,0.1378939902695001,0.1689063635573996,0.031012373287899492
scr_0613_0539,baseline,Baseline CE,beta_cei,-0.005,0,24680,D_resources,K6 economic-resource inequality,D_resources,24,0.3756326164304416,0.3056171879604059,0.3358183551109378,0.03020116715053195
scr_0613_0539,baseline,Baseline CE,beta_cei,-0.015,0,24680,MEAN_LOCAL_CE_ACTIVATION,K1 mean local CE activation,MEAN_LOCAL_CE_ACTIVATION,24,0.018009254469126015,0.0,0.0179382978640079,0.0179382978640079
scr_0613_0539,baseline,Baseline CE,beta_cei,-0.015,0,24680,CEI_SIM,K2 flow-based citywide CE index,CEI_SIM,24,0.6191046847505338,0.3090200776864584,0.6303247138229335,0.32130463613647514
scr_0613_0539,baseline,Baseline CE,beta_cei,-0.015,0,24680,TRADES_COUNT_M,K3 CE flows,TRADES_COUNT_M,24,3887.5833333333335,2071.0,3954.0,1883.0
scr_0613_0539,baseline,Baseline CE,beta_cei,-0.015,0,24680,UNEMPLOYMENT,K4 unemployment,UNEMPLOYMENT,24,0.09071342972874197,0.0953646988347031,0.090545129292656,-0.004819569542047097
scr_0613_0539,baseline,Baseline CE,beta_cei,-0.015,0,24680,D_adv_exposure,K5 spatial-advantage exposure inequality,D_adv_exposure,24,0.17083829604465697,0.1378939902695001,0.169882892127228,0.0319889018577279
scr_0613_0539,baseline,Baseline CE,beta_cei,-0.015,0,24680,D_resources,K6 economic-resource inequality,D_resources,24,0.3881065329196303,0.3056171879604059,0.3462237247658014,0.0406065368053955
scr_0613_0539,baseline,Baseline CE,beta_cei,-0.03,0,24680,MEAN_LOCAL_CE_ACTIVATION,K1 mean local CE activation,MEAN_LOCAL_CE_ACTIVATION,24,0.01718518408348589,0.0,0.0170427122992252,0.0170427122992252
scr_0613_0539,baseline,Baseline CE,beta_cei,-0.03,0,24680,CEI_SIM,K2 flow-based citywide CE index,CEI_SIM,24,0.6173831175449495,0.3090200776864584,0.6186351925605569,0.3096151148740985
scr_0613_0539,baseline,Baseline CE,beta_cei,-0.03,0,24680,TRADES_COUNT_M,K3 CE flows,TRADES_COUNT_M,24,3878.0,2071.0,3881.0,1810.0
scr_0613_0539,baseline,Baseline CE,beta_cei,-0.03,0,24680,UNEMPLOYMENT,K4 unemployment,UNEMPLOYMENT,24,0.08147850647365147,0.0907293976694062,0.0814409442231832,-0.009288453446223005
scr_0613_0539,baseline,Baseline CE,beta_cei,-0.03,0,24680,D_adv_exposure,K5 spatial-advantage exposure inequality,D_adv_exposure,24,0.17084217042597605,0.1378939902695001,0.1699139145111251,0.032019924241625
scr_0613_0539,baseline,Baseline CE,beta_cei,-0.03,0,24680,D_resources,K6 economic-resource inequality,D_resources,24,0.3571915282123868,0.3056171879604059,0.3193101021128839,0.01369291415247803
scr_0613_0539,baseline,Baseline CE,gamma_need_savings,0.0,0,24680,MEAN_LOCAL_CE_ACTIVATION,K1 mean local CE activation,MEAN_LOCAL_CE_ACTIVATION,24,0.020576712169786376,0.0,0.0199634953715551,0.0199634953715551
scr_0613_0539,baseline,Baseline CE,gamma_need_savings,0.0,0,24680,CEI_SIM,K2 flow-based citywide CE index,CEI_SIM,24,0.6194652532874749,0.3090200776864584,0.6193070940784462,0.3102870163919878
scr_0613_0539,baseline,Baseline CE,gamma_need_savings,0.0,0,24680,TRADES_COUNT_M,K3 CE flows,TRADES_COUNT_M,24,3888.5,2071.0,3881.0,1810.0
scr_0613_0539,baseline,Baseline CE,gamma_need_savings,0.0,0,24680,UNEMPLOYMENT,K4 unemployment,UNEMPLOYMENT,24,0.09070802120068784,0.0953646988347031,0.0907103935888233,-0.0046543052458798
scr_0613_0539,baseline,Baseline CE,gamma_need_savings,0.0,0,24680,D_adv_exposure,K5 spatial-advantage exposure inequality,D_adv_exposure,24,0.1706517902703605,0.1378939902695001,0.1694976093739214,0.03160361910442128
scr_0613_0539,baseline,Baseline CE,gamma_need_savings,0.0,0,24680,D_resources,K6 economic-resource inequality,D_resources,24,0.0002663274477015417,0.3056881995766165,0.0,-0.3056881995766165
scr_0613_0539,baseline,Baseline CE,gamma_need_savings,0.25,0,24680,MEAN_LOCAL_CE_ACTIVATION,K1 mean local CE activation,MEAN_LOCAL_CE_ACTIVATION,24,0.01796184293355231,0.0,0.0177825715160206,0.0177825715160206
scr_0613_0539,baseline,Baseline CE,gamma_need_savings,0.25,0,24680,CEI_SIM,K2 flow-based citywide CE index,CEI_SIM,24,0.6190488792710936,0.3090200776864584,0.6296515599996464,0.320631482313188
scr_0613_0539,baseline,Baseline CE,gamma_need_savings,0.25,0,24680,TRADES_COUNT_M,K3 CE flows,TRADES_COUNT_M,24,3880.375,2071.0,3933.0,1862.0
scr_0613_0539,baseline,Baseline CE,gamma_need_savings,0.25,0,24680,UNEMPLOYMENT,K4 unemployment,UNEMPLOYMENT,24,0.09071426681093357,0.0953646988347031,0.0905552266000053,-0.004809472234697798
scr_0613_0539,baseline,Baseline CE,gamma_need_savings,0.25,0,24680,D_adv_exposure,K5 spatial-advantage exposure inequality,D_adv_exposure,24,0.17005372988545772,0.1378939902695001,0.1691279439806321,0.031233953711131995
scr_0613_0539,baseline,Baseline CE,gamma_need_savings,0.25,0,24680,D_resources,K6 economic-resource inequality,D_resources,24,0.023506255571099356,0.305658599500363,0.0133595241747693,-0.2922990753255937
scr_0613_0539,baseline,Baseline CE,gamma_need_savings,0.5,0,24680,MEAN_LOCAL_CE_ACTIVATION,K1 mean local CE activation,MEAN_LOCAL_CE_ACTIVATION,24,0.018056631215059207,0.0,0.0175913960661073,0.0175913960661073
scr_0613_0539,baseline,Baseline CE,gamma_need_savings,0.5,0,24680,CEI_SIM,K2 flow-based citywide CE index,CEI_SIM,24,0.6197913058897216,0.3090200776864584,0.614976394697505,0.3059563170110466
scr_0613_0539,baseline,Baseline CE,gamma_need_savings,0.5,0,24680,TRADES_COUNT_M,K3 CE flows,TRADES_COUNT_M,24,3885.5,2071.0,3873.0,1802.0
scr_0613_0539,baseline,Baseline CE,gamma_need_savings,0.5,0,24680,UNEMPLOYMENT,K4 unemployment,UNEMPLOYMENT,24,0.09070313041165413,0.0953646988347031,0.0907753540795374,-0.004589344755165703
scr_0613_0539,baseline,Baseline CE,gamma_need_savings,0.5,0,24680,D_adv_exposure,K5 spatial-advantage exposure inequality,D_adv_exposure,24,0.17000059644946122,0.1378939902695001,0.1692236153251543,0.031329625055654176
scr_0613_0539,baseline,Baseline CE,gamma_need_savings,0.5,0,24680,D_resources,K6 economic-resource inequality,D_resources,24,0.23492182838908585,0.3056290163508777,0.2026746297141621,-0.10295438663671558
scr_0613_0539,baseline,Baseline CE,gamma_need_savings,0.6,0,24680,MEAN_LOCAL_CE_ACTIVATION,K1 mean local CE activation,MEAN_LOCAL_CE_ACTIVATION,24,0.018009254469126015,0.0,0.0179382978640079,0.0179382978640079
scr_0613_0539,baseline,Baseline CE,gamma_need_savings,0.6,0,24680,CEI_SIM,K2 flow-based citywide CE index,CEI_SIM,24,0.6191046847505338,0.3090200776864584,0.6303247138229335,0.32130463613647514
scr_0613_0539,baseline,Baseline CE,gamma_need_savings,0.6,0,24680,TRADES_COUNT_M,K3 CE flows,TRADES_COUNT_M,24,3887.5833333333335,2071.0,3954.0,1883.0
scr_0613_0539,baseline,Baseline CE,gamma_need_savings,0.6,0,24680,UNEMPLOYMENT,K4 unemployment,UNEMPLOYMENT,24,0.09071342972874197,0.0953646988347031,0.090545129292656,-0.004819569542047097
scr_0613_0539,baseline,Baseline CE,gamma_need_savings,0.6,0,24680,D_adv_exposure,K5 spatial-advantage exposure inequality,D_adv_exposure,24,0.17083829604465697,0.1378939902695001,0.169882892127228,0.0319889018577279
scr_0613_0539,baseline,Baseline CE,gamma_need_savings,0.6,0,24680,D_resources,K6 economic-resource inequality,D_resources,24,0.3881065329196303,0.3056171879604059,0.3462237247658014,0.0406065368053955
scr_0613_0539,baseline,Baseline CE,gamma_need_savings,0.75,0,24680,MEAN_LOCAL_CE_ACTIVATION,K1 mean local CE activation,MEAN_LOCAL_CE_ACTIVATION,24,0.017740415278046623,0.0,0.0180421893755938,0.0180421893755938
scr_0613_0539,baseline,Baseline CE,gamma_need_savings,0.75,0,24680,CEI_SIM,K2 flow-based citywide CE index,CEI_SIM,24,0.6220035109771757,0.3090200776864584,0.6173114073368826,0.3082913296504242
scr_0613_0539,baseline,Baseline CE,gamma_need_savings,0.75,0,24680,TRADES_COUNT_M,K3 CE flows,TRADES_COUNT_M,24,3894.0416666666665,2071.0,3846.0,1775.0
scr_0613_0539,baseline,Baseline CE,gamma_need_savings,0.75,0,24680,UNEMPLOYMENT,K4 unemployment,UNEMPLOYMENT,24,0.09066994733534234,0.0953646988347031,0.0907403288899467,-0.004624369944756401
scr_0613_0539,baseline,Baseline CE,gamma_need_savings,0.75,0,24680,D_adv_exposure,K5 spatial-advantage exposure inequality,D_adv_exposure,24,0.17021687459787407,0.1378939902695001,0.1692952537852041,0.03140126351570399
scr_0613_0539,baseline,Baseline CE,gamma_need_savings,0.75,0,24680,D_resources,K6 economic-resource inequality,D_resources,24,0.6477316819151164,0.305599450532264,0.6221778594794148,0.31657840894715084
scr_0613_0539,baseline,Baseline CE,gamma_need_savings,1.0,0,24680,MEAN_LOCAL_CE_ACTIVATION,K1 mean local CE activation,MEAN_LOCAL_CE_ACTIVATION,24,0.019366784598921712,0.0,0.0196125313598285,0.0196125313598285
scr_0613_0539,baseline,Baseline CE,gamma_need_savings,1.0,0,24680,CEI_SIM,K2 flow-based citywide CE index,CEI_SIM,24,0.6458546752472701,0.3090200776864584,0.6588133437859642,0.34979326609950584
scr_0613_0539,baseline,Baseline CE,gamma_need_savings,1.0,0,24680,TRADES_COUNT_M,K3 CE flows,TRADES_COUNT_M,24,3941.7916666666665,2071.0,3961.0,1890.0
scr_0613_0539,baseline,Baseline CE,gamma_need_savings,1.0,0,24680,UNEMPLOYMENT,K4 unemployment,UNEMPLOYMENT,24,0.09031217987129092,0.0953646988347031,0.0901177998432105,-0.005246898991492596
scr_0613_0539,baseline,Baseline CE,gamma_need_savings,1.0,0,24680,D_adv_exposure,K5 spatial-advantage exposure inequality,D_adv_exposure,24,0.1695145738340078,0.1378939902695001,0.1685295742058228,0.03063558393632268
scr_0613_0539,baseline,Baseline CE,gamma_need_savings,1.0,0,24680,D_resources,K6 economic-resource inequality,D_resources,24,0.7377955123914463,0.3055699021694213,0.7367939576599424,0.43122405549052106
scr_0613_0539,baseline,Baseline CE,move_prob,0.0,0,24680,MEAN_LOCAL_CE_ACTIVATION,K1 mean local CE activation,MEAN_LOCAL_CE_ACTIVATION,24,0.013612667295403119,0.0,0.0136023287678365,0.0136023287678365
scr_0613_0539,baseline,Baseline CE,move_prob,0.0,0,24680,CEI_SIM,K2 flow-based citywide CE index,CEI_SIM,24,0.6029084946512254,0.3090565399920028,0.6034857719107947,0.2944292319187919
scr_0613_0539,baseline,Baseline CE,move_prob,0.0,0,24680,TRADES_COUNT_M,K3 CE flows,TRADES_COUNT_M,24,3740.75,2063.0,3733.0,1670.0
scr_0613_0539,baseline,Baseline CE,move_prob,0.0,0,24680,UNEMPLOYMENT,K4 unemployment,UNEMPLOYMENT,24,0.09095637258023159,0.0953641519001199,0.090947713421338,-0.004416438478781898
scr_0613_0539,baseline,Baseline CE,move_prob,0.0,0,24680,D_adv_exposure,K5 spatial-advantage exposure inequality,D_adv_exposure,24,0.1342769202890817,0.1342769202890817,0.1342769202890817,0.0
scr_0613_0539,baseline,Baseline CE,move_prob,0.0,0,24680,D_resources,K6 economic-resource inequality,D_resources,24,0.3928071324529833,0.3056542430751563,0.3529372430256101,0.047282999950453763
scr_0613_0539,baseline,Baseline CE,move_prob,0.01,0,24680,MEAN_LOCAL_CE_ACTIVATION,K1 mean local CE activation,MEAN_LOCAL_CE_ACTIVATION,24,0.015170679199088807,0.0,0.0148454355247027,0.0148454355247027
scr_0613_0539,baseline,Baseline CE,move_prob,0.01,0,24680,CEI_SIM,K2 flow-based citywide CE index,CEI_SIM,24,0.6060438842411311,0.3088377723742769,0.6013809469818663,0.2925431746075894
scr_0613_0539,baseline,Baseline CE,move_prob,0.01,0,24680,TRADES_COUNT_M,K3 CE flows,TRADES_COUNT_M,24,3762.5833333333335,2065.0,3745.0,1680.0
scr_0613_0539,baseline,Baseline CE,move_prob,0.01,0,24680,UNEMPLOYMENT,K4 unemployment,UNEMPLOYMENT,24,0.09090934173638299,0.0953674334143858,0.090979285795272,-0.004388147619113811
scr_0613_0539,baseline,Baseline CE,move_prob,0.01,0,24680,D_adv_exposure,K5 spatial-advantage exposure inequality,D_adv_exposure,24,0.16170578920675757,0.1349022823523384,0.1625511482745055,0.027648865922167115
scr_0613_0539,baseline,Baseline CE,move_prob,0.01,0,24680,D_resources,K6 economic-resource inequality,D_resources,24,0.4161845892686468,0.3056528136236231,0.3780698026542538,0.07241698903063065
scr_0613_0539,baseline,Baseline CE,move_prob,0.05,0,24680,MEAN_LOCAL_CE_ACTIVATION,K1 mean local CE activation,MEAN_LOCAL_CE_ACTIVATION,24,0.016292034767896826,0.0,0.0164327610595834,0.0164327610595834
scr_0613_0539,baseline,Baseline CE,move_prob,0.05,0,24680,CEI_SIM,K2 flow-based citywide CE index,CEI_SIM,24,0.6135556642228561,0.3087081142626333,0.61335495558302,0.3046468413203867
scr_0613_0539,baseline,Baseline CE,move_prob,0.05,0,24680,TRADES_COUNT_M,K3 CE flows,TRADES_COUNT_M,24,3846.125,2069.0,3852.0,1783.0
scr_0613_0539,baseline,Baseline CE,move_prob,0.05,0,24680,UNEMPLOYMENT,K4 unemployment,UNEMPLOYMENT,24,0.09079666503665713,0.0953693782860605,0.0907996756662547,-0.004569702619805799
scr_0613_0539,baseline,Baseline CE,move_prob,0.05,0,24680,D_adv_exposure,K5 spatial-advantage exposure inequality,D_adv_exposure,24,0.18254032102398124,0.1358657056578058,0.1820226151889291,0.04615690953112328
scr_0613_0539,baseline,Baseline CE,move_prob,0.05,0,24680,D_resources,K6 economic-resource inequality,D_resources,24,0.3789462034359841,0.3056423043264825,0.3339445821012842,0.02830227777480171
scr_0613_0539,baseline,Baseline CE,move_prob,0.1,0,24680,MEAN_LOCAL_CE_ACTIVATION,K1 mean local CE activation,MEAN_LOCAL_CE_ACTIVATION,24,0.018009254469126015,0.0,0.0179382978640079,0.0179382978640079
scr_0613_0539,baseline,Baseline CE,move_prob,0.1,0,24680,CEI_SIM,K2 flow-based citywide CE index,CEI_SIM,24,0.6191046847505338,0.3090200776864584,0.6303247138229335,0.32130463613647514
scr_0613_0539,baseline,Baseline CE,move_prob,0.1,0,24680,TRADES_COUNT_M,K3 CE flows,TRADES_COUNT_M,24,3887.5833333333335,2071.0,3954.0,1883.0
scr_0613_0539,baseline,Baseline CE,move_prob,0.1,0,24680,UNEMPLOYMENT,K4 unemployment,UNEMPLOYMENT,24,0.09071342972874197,0.0953646988347031,0.090545129292656,-0.004819569542047097
scr_0613_0539,baseline,Baseline CE,move_prob,0.1,0,24680,D_adv_exposure,K5 spatial-advantage exposure inequality,D_adv_exposure,24,0.17083829604465697,0.1378939902695001,0.169882892127228,0.0319889018577279
scr_0613_0539,baseline,Baseline CE,move_prob,0.1,0,24680,D_resources,K6 economic-resource inequality,D_resources,24,0.3881065329196303,0.3056171879604059,0.3462237247658014,0.0406065368053955
scr_0613_0539,baseline,Baseline CE,move_prob,0.2,0,24680,MEAN_LOCAL_CE_ACTIVATION,K1 mean local CE activation,MEAN_LOCAL_CE_ACTIVATION,24,0.023189017246669847,0.0,0.0260843043224742,0.0260843043224742
scr_0613_0539,baseline,Baseline CE,move_prob,0.2,0,24680,CEI_SIM,K2 flow-based citywide CE index,CEI_SIM,24,0.6230832108753274,0.3137527347628131,0.6257211095919171,0.31196837482910394
scr_0613_0539,baseline,Baseline CE,move_prob,0.2,0,24680,TRADES_COUNT_M,K3 CE flows,TRADES_COUNT_M,24,3936.3333333333335,2122.0,3959.0,1837.0
scr_0613_0539,baseline,Baseline CE,move_prob,0.2,0,24680,UNEMPLOYMENT,K4 unemployment,UNEMPLOYMENT,24,0.09065375183687004,0.0952937089785578,0.0906141833561212,-0.004679525622436592
scr_0613_0539,baseline,Baseline CE,move_prob,0.2,0,24680,D_adv_exposure,K5 spatial-advantage exposure inequality,D_adv_exposure,24,0.15631800066737414,0.1395538152477153,0.1551377327759991,0.015583917528283808
scr_0613_0539,baseline,Baseline CE,move_prob,0.2,0,24680,D_resources,K6 economic-resource inequality,D_resources,24,0.4032822871533277,0.3056416914485221,0.3696278337077082,0.06398614225918609
scr_0613_0539,baseline,Baseline CE,eta_opp_scale,0.5,0,24680,MEAN_LOCAL_CE_ACTIVATION,K1 mean local CE activation,MEAN_LOCAL_CE_ACTIVATION,24,0.017590209158232072,0.0,0.0175667735837669,0.0175667735837669
scr_0613_0539,baseline,Baseline CE,eta_opp_scale,0.5,0,24680,CEI_SIM,K2 flow-based citywide CE index,CEI_SIM,24,0.618155293328491,0.3086126402229694,0.6257113815258663,0.31709874130289684
scr_0613_0539,baseline,Baseline CE,eta_opp_scale,0.5,0,24680,TRADES_COUNT_M,K3 CE flows,TRADES_COUNT_M,24,3873.2083333333335,2071.0,3882.0,1811.0
scr_0613_0539,baseline,Baseline CE,eta_opp_scale,0.5,0,24680,UNEMPLOYMENT,K4 unemployment,UNEMPLOYMENT,24,0.0907276706000726,0.0953708103966554,0.090614329277112,-0.00475648111954341
scr_0613_0539,baseline,Baseline CE,eta_opp_scale,0.5,0,24680,D_adv_exposure,K5 spatial-advantage exposure inequality,D_adv_exposure,24,0.16993087435573492,0.1374311524372181,0.1688230820774312,0.03139192964021312
scr_0613_0539,baseline,Baseline CE,eta_opp_scale,0.5,0,24680,D_resources,K6 economic-resource inequality,D_resources,24,0.35501250506843446,0.3056346377280401,0.3141004261438769,0.008465788415836784
scr_0613_0539,baseline,Baseline CE,eta_opp_scale,0.75,0,24680,MEAN_LOCAL_CE_ACTIVATION,K1 mean local CE activation,MEAN_LOCAL_CE_ACTIVATION,24,0.017575355943207967,0.0,0.018260481784859,0.018260481784859
scr_0613_0539,baseline,Baseline CE,eta_opp_scale,0.75,0,24680,CEI_SIM,K2 flow-based citywide CE index,CEI_SIM,24,0.6193693765353209,0.3088742025393682,0.6227726569605672,0.31389845442119896
scr_0613_0539,baseline,Baseline CE,eta_opp_scale,0.75,0,24680,TRADES_COUNT_M,K3 CE flows,TRADES_COUNT_M,24,3890.9583333333335,2070.0,3921.0,1851.0
scr_0613_0539,baseline,Baseline CE,eta_opp_scale,0.75,0,24680,UNEMPLOYMENT,K4 unemployment,UNEMPLOYMENT,24,0.09070945935197017,0.0953668869619094,0.0906584101455915,-0.004708476816317891
scr_0613_0539,baseline,Baseline CE,eta_opp_scale,0.75,0,24680,D_adv_exposure,K5 spatial-advantage exposure inequality,D_adv_exposure,24,0.1696472036462854,0.1375936233967722,0.1685554865171967,0.03096186312042451
scr_0613_0539,baseline,Baseline CE,eta_opp_scale,0.75,0,24680,D_resources,K6 economic-resource inequality,D_resources,24,0.3893093861102579,0.3056365158173091,0.3529132978227762,0.04727678200546709
scr_0613_0539,baseline,Baseline CE,eta_opp_scale,1.0,0,24680,MEAN_LOCAL_CE_ACTIVATION,K1 mean local CE activation,MEAN_LOCAL_CE_ACTIVATION,24,0.018009254469126015,0.0,0.0179382978640079,0.0179382978640079
scr_0613_0539,baseline,Baseline CE,eta_opp_scale,1.0,0,24680,CEI_SIM,K2 flow-based citywide CE index,CEI_SIM,24,0.6191046847505338,0.3090200776864584,0.6303247138229335,0.32130463613647514
scr_0613_0539,baseline,Baseline CE,eta_opp_scale,1.0,0,24680,TRADES_COUNT_M,K3 CE flows,TRADES_COUNT_M,24,3887.5833333333335,2071.0,3954.0,1883.0
scr_0613_0539,baseline,Baseline CE,eta_opp_scale,1.0,0,24680,UNEMPLOYMENT,K4 unemployment,UNEMPLOYMENT,24,0.09071342972874197,0.0953646988347031,0.090545129292656,-0.004819569542047097
scr_0613_0539,baseline,Baseline CE,eta_opp_scale,1.0,0,24680,D_adv_exposure,K5 spatial-advantage exposure inequality,D_adv_exposure,24,0.17083829604465697,0.1378939902695001,0.169882892127228,0.0319889018577279
scr_0613_0539,baseline,Baseline CE,eta_opp_scale,1.0,0,24680,D_resources,K6 economic-resource inequality,D_resources,24,0.3881065329196303,0.3056171879604059,0.3462237247658014,0.0406065368053955
scr_0613_0539,baseline,Baseline CE,eta_opp_scale,1.25,0,24680,MEAN_LOCAL_CE_ACTIVATION,K1 mean local CE activation,MEAN_LOCAL_CE_ACTIVATION,24,0.01732283525285464,0.0,0.0171567981893463,0.0171567981893463
scr_0613_0539,baseline,Baseline CE,eta_opp_scale,1.25,0,24680,CEI_SIM,K2 flow-based citywide CE index,CEI_SIM,24,0.6217175347401276,0.307546020694132,0.6255381223011376,0.3179921016070056
scr_0613_0539,baseline,Baseline CE,eta_opp_scale,1.25,0,24680,TRADES_COUNT_M,K3 CE flows,TRADES_COUNT_M,24,3893.5416666666665,2065.0,3889.0,1824.0
scr_0613_0539,baseline,Baseline CE,eta_opp_scale,1.25,0,24680,UNEMPLOYMENT,K4 unemployment,UNEMPLOYMENT,24,0.09067423697889804,0.095386809689588,0.0906169281654829,-0.004769881524105096
scr_0613_0539,baseline,Baseline CE,eta_opp_scale,1.25,0,24680,D_adv_exposure,K5 spatial-advantage exposure inequality,D_adv_exposure,24,0.17001424343668456,0.1376500919688534,0.1688022110022144,0.031152119033361014
scr_0613_0539,baseline,Baseline CE,eta_opp_scale,1.25,0,24680,D_resources,K6 economic-resource inequality,D_resources,24,0.38533760982554327,0.3056215742080313,0.3440651304537434,0.03844355624571205
scr_0613_0539,baseline,Baseline CE,eta_opp_scale,1.5,0,24680,MEAN_LOCAL_CE_ACTIVATION,K1 mean local CE activation,MEAN_LOCAL_CE_ACTIVATION,24,0.017486739453729746,0.0,0.0181252534890609,0.0181252534890609
scr_0613_0539,baseline,Baseline CE,eta_opp_scale,1.5,0,24680,CEI_SIM,K2 flow-based citywide CE index,CEI_SIM,24,0.619733627387338,0.3152719353255225,0.6294602879957187,0.31418835267019624
scr_0613_0539,baseline,Baseline CE,eta_opp_scale,1.5,0,24680,TRADES_COUNT_M,K3 CE flows,TRADES_COUNT_M,24,3888.75,2135.0,3903.0,1768.0
scr_0613_0539,baseline,Baseline CE,eta_opp_scale,1.5,0,24680,UNEMPLOYMENT,K4 unemployment,UNEMPLOYMENT,24,0.09070399558918989,0.0952709209701171,0.0905580956800642,-0.004712825290052902
scr_0613_0539,baseline,Baseline CE,eta_opp_scale,1.5,0,24680,D_adv_exposure,K5 spatial-advantage exposure inequality,D_adv_exposure,24,0.16995435022909247,0.1379852731896093,0.1689418495804372,0.03095657639082791
scr_0613_0539,baseline,Baseline CE,eta_opp_scale,1.5,0,24680,D_resources,K6 economic-resource inequality,D_resources,24,0.3709789778073957,0.3056658901520711,0.3297030804136609,0.024037190261589847
scr_0613_0539,baseline,Baseline CE,barrier_sensitivity_scale,0.5,0,24680,MEAN_LOCAL_CE_ACTIVATION,K1 mean local CE activation,MEAN_LOCAL_CE_ACTIVATION,24,0.018501653540628892,0.0,0.0188574717528845,0.0188574717528845
scr_0613_0539,baseline,Baseline CE,barrier_sensitivity_scale,0.5,0,24680,CEI_SIM,K2 flow-based citywide CE index,CEI_SIM,24,0.6201849883811763,0.4493975277828933,0.6278118669690045,0.17841433918611116
scr_0613_0539,baseline,Baseline CE,barrier_sensitivity_scale,0.5,0,24680,TRADES_COUNT_M,K3 CE flows,TRADES_COUNT_M,24,3899.875,2750.0,3926.0,1176.0
scr_0613_0539,baseline,Baseline CE,barrier_sensitivity_scale,0.5,0,24680,UNEMPLOYMENT,K4 unemployment,UNEMPLOYMENT,24,0.0906972251742823,0.0932590370832566,0.0905828219954649,-0.0026762150877917
scr_0613_0539,baseline,Baseline CE,barrier_sensitivity_scale,0.5,0,24680,D_adv_exposure,K5 spatial-advantage exposure inequality,D_adv_exposure,24,0.16878862959766006,0.1375984110368881,0.1678032663122094,0.030204855275321296
scr_0613_0539,baseline,Baseline CE,barrier_sensitivity_scale,0.5,0,24680,D_resources,K6 economic-resource inequality,D_resources,24,0.38891611516887514,0.305603553461055,0.3422506586070294,0.03664710514597441
scr_0613_0539,baseline,Baseline CE,barrier_sensitivity_scale,0.75,0,24680,MEAN_LOCAL_CE_ACTIVATION,K1 mean local CE activation,MEAN_LOCAL_CE_ACTIVATION,24,0.019674008302651494,0.0,0.0187773999385769,0.0187773999385769
scr_0613_0539,baseline,Baseline CE,barrier_sensitivity_scale,0.75,0,24680,CEI_SIM,K2 flow-based citywide CE index,CEI_SIM,24,0.6196592236885496,0.3801477458805476,0.6227400358245242,0.24259228994397658
scr_0613_0539,baseline,Baseline CE,barrier_sensitivity_scale,0.75,0,24680,TRADES_COUNT_M,K3 CE flows,TRADES_COUNT_M,24,3889.125,2465.0,3941.0,1476.0
scr_0613_0539,baseline,Baseline CE,barrier_sensitivity_scale,0.75,0,24680,UNEMPLOYMENT,K4 unemployment,UNEMPLOYMENT,24,0.09070511164467171,0.0942977838117918,0.0906588994626321,-0.003638884349159696
scr_0613_0539,baseline,Baseline CE,barrier_sensitivity_scale,0.75,0,24680,D_adv_exposure,K5 spatial-advantage exposure inequality,D_adv_exposure,24,0.170523370866292,0.1374313882686282,0.169319368589304,0.0318879803206758
scr_0613_0539,baseline,Baseline CE,barrier_sensitivity_scale,0.75,0,24680,D_resources,K6 economic-resource inequality,D_resources,24,0.3752578057465829,0.3055735997312566,0.3315475985301255,0.025973998798868914
scr_0613_0539,baseline,Baseline CE,barrier_sensitivity_scale,1.0,0,24680,MEAN_LOCAL_CE_ACTIVATION,K1 mean local CE activation,MEAN_LOCAL_CE_ACTIVATION,24,0.018009254469126015,0.0,0.0179382978640079,0.0179382978640079
scr_0613_0539,baseline,Baseline CE,barrier_sensitivity_scale,1.0,0,24680,CEI_SIM,K2 flow-based citywide CE index,CEI_SIM,24,0.6191046847505338,0.3090200776864584,0.6303247138229335,0.32130463613647514
scr_0613_0539,baseline,Baseline CE,barrier_sensitivity_scale,1.0,0,24680,TRADES_COUNT_M,K3 CE flows,TRADES_COUNT_M,24,3887.5833333333335,2071.0,3954.0,1883.0
scr_0613_0539,baseline,Baseline CE,barrier_sensitivity_scale,1.0,0,24680,UNEMPLOYMENT,K4 unemployment,UNEMPLOYMENT,24,0.09071342972874197,0.0953646988347031,0.090545129292656,-0.004819569542047097
scr_0613_0539,baseline,Baseline CE,barrier_sensitivity_scale,1.0,0,24680,D_adv_exposure,K5 spatial-advantage exposure inequality,D_adv_exposure,24,0.17083829604465697,0.1378939902695001,0.169882892127228,0.0319889018577279
scr_0613_0539,baseline,Baseline CE,barrier_sensitivity_scale,1.0,0,24680,D_resources,K6 economic-resource inequality,D_resources,24,0.3881065329196303,0.3056171879604059,0.3462237247658014,0.0406065368053955
scr_0613_0539,baseline,Baseline CE,barrier_sensitivity_scale,1.25,0,24680,MEAN_LOCAL_CE_ACTIVATION,K1 mean local CE activation,MEAN_LOCAL_CE_ACTIVATION,24,0.019482344441936857,0.0,0.0191471384033147,0.0191471384033147
scr_0613_0539,baseline,Baseline CE,barrier_sensitivity_scale,1.25,0,24680,CEI_SIM,K2 flow-based citywide CE index,CEI_SIM,24,0.6171915213348076,0.2479539599148819,0.6245052581920212,0.3765512982771393
scr_0613_0539,baseline,Baseline CE,barrier_sensitivity_scale,1.25,0,24680,TRADES_COUNT_M,K3 CE flows,TRADES_COUNT_M,24,3886.5833333333335,1729.0,3913.0,2184.0
scr_0613_0539,baseline,Baseline CE,barrier_sensitivity_scale,1.25,0,24680,UNEMPLOYMENT,K4 unemployment,UNEMPLOYMENT,24,0.09074212717997786,0.0962806906012767,0.0906324211271197,-0.005648269474157003
scr_0613_0539,baseline,Baseline CE,barrier_sensitivity_scale,1.25,0,24680,D_adv_exposure,K5 spatial-advantage exposure inequality,D_adv_exposure,24,0.17003305389179046,0.138141700450762,0.1689620116507794,0.03082031120001741
scr_0613_0539,baseline,Baseline CE,barrier_sensitivity_scale,1.25,0,24680,D_resources,K6 economic-resource inequality,D_resources,24,0.3708112094097668,0.30562433253052,0.3376242591642975,0.03199992663377749
scr_0613_0539,baseline,Baseline CE,barrier_sensitivity_scale,1.5,0,24680,MEAN_LOCAL_CE_ACTIVATION,K1 mean local CE activation,MEAN_LOCAL_CE_ACTIVATION,24,0.017978938603218756,0.0,0.017866936327112,0.017866936327112
scr_0613_0539,baseline,Baseline CE,barrier_sensitivity_scale,1.5,0,24680,CEI_SIM,K2 flow-based citywide CE index,CEI_SIM,24,0.6183462330671503,0.1941218976673679,0.626928678507806,0.4328067808404381
scr_0613_0539,baseline,Baseline CE,barrier_sensitivity_scale,1.5,0,24680,TRADES_COUNT_M,K3 CE flows,TRADES_COUNT_M,24,3887.125,1403.0,3905.0,2502.0
scr_0613_0539,baseline,Baseline CE,barrier_sensitivity_scale,1.5,0,24680,UNEMPLOYMENT,K4 unemployment,UNEMPLOYMENT,24,0.09072480650399271,0.0970881715349894,0.0905960698223829,-0.006492101712606502
scr_0613_0539,baseline,Baseline CE,barrier_sensitivity_scale,1.5,0,24680,D_adv_exposure,K5 spatial-advantage exposure inequality,D_adv_exposure,24,0.1695226270852405,0.1374862294998211,0.1686501603044559,0.03116393080463481
scr_0613_0539,baseline,Baseline CE,barrier_sensitivity_scale,1.5,0,24680,D_resources,K6 economic-resource inequality,D_resources,24,0.35927200920184704,0.3056807625954393,0.3215605166934725,0.015879754098033216
scr_0613_0539,baseline,Baseline CE,hotspot_burden_scale,0.0,0,24680,MEAN_LOCAL_CE_ACTIVATION,K1 mean local CE activation,MEAN_LOCAL_CE_ACTIVATION,24,0.018009254469126015,0.0,0.0179382978640079,0.0179382978640079
scr_0613_0539,baseline,Baseline CE,hotspot_burden_scale,0.0,0,24680,CEI_SIM,K2 flow-based citywide CE index,CEI_SIM,24,0.6191046847505338,0.3090200776864584,0.6303247138229335,0.32130463613647514
scr_0613_0539,baseline,Baseline CE,hotspot_burden_scale,0.0,0,24680,TRADES_COUNT_M,K3 CE flows,TRADES_COUNT_M,24,3887.5833333333335,2071.0,3954.0,1883.0
scr_0613_0539,baseline,Baseline CE,hotspot_burden_scale,0.0,0,24680,UNEMPLOYMENT,K4 unemployment,UNEMPLOYMENT,24,0.09071342972874197,0.0953646988347031,0.090545129292656,-0.004819569542047097
scr_0613_0539,baseline,Baseline CE,hotspot_burden_scale,0.0,0,24680,D_adv_exposure,K5 spatial-advantage exposure inequality,D_adv_exposure,24,0.4098102254681715,0.5243379520670592,0.406409682220987,-0.11792826984607224
scr_0613_0539,baseline,Baseline CE,hotspot_burden_scale,0.0,0,24680,D_resources,K6 economic-resource inequality,D_resources,24,0.3881065329196303,0.3056171879604059,0.3462237247658014,0.0406065368053955
scr_0613_0539,baseline,Baseline CE,hotspot_burden_scale,0.5,0,24680,MEAN_LOCAL_CE_ACTIVATION,K1 mean local CE activation,MEAN_LOCAL_CE_ACTIVATION,24,0.018009254469126015,0.0,0.0179382978640079,0.0179382978640079
scr_0613_0539,baseline,Baseline CE,hotspot_burden_scale,0.5,0,24680,CEI_SIM,K2 flow-based citywide CE index,CEI_SIM,24,0.6191046847505338,0.3090200776864584,0.6303247138229335,0.32130463613647514
scr_0613_0539,baseline,Baseline CE,hotspot_burden_scale,0.5,0,24680,TRADES_COUNT_M,K3 CE flows,TRADES_COUNT_M,24,3887.5833333333335,2071.0,3954.0,1883.0
scr_0613_0539,baseline,Baseline CE,hotspot_burden_scale,0.5,0,24680,UNEMPLOYMENT,K4 unemployment,UNEMPLOYMENT,24,0.09071342972874197,0.0953646988347031,0.090545129292656,-0.004819569542047097
scr_0613_0539,baseline,Baseline CE,hotspot_burden_scale,0.5,0,24680,D_adv_exposure,K5 spatial-advantage exposure inequality,D_adv_exposure,24,0.24566009358606647,0.2207232143578076,0.2441681995622997,0.02344498520449212
scr_0613_0539,baseline,Baseline CE,hotspot_burden_scale,0.5,0,24680,D_resources,K6 economic-resource inequality,D_resources,24,0.3881065329196303,0.3056171879604059,0.3462237247658014,0.0406065368053955
scr_0613_0539,baseline,Baseline CE,hotspot_burden_scale,1.0,0,24680,MEAN_LOCAL_CE_ACTIVATION,K1 mean local CE activation,MEAN_LOCAL_CE_ACTIVATION,24,0.018009254469126015,0.0,0.0179382978640079,0.0179382978640079
scr_0613_0539,baseline,Baseline CE,hotspot_burden_scale,1.0,0,24680,CEI_SIM,K2 flow-based citywide CE index,CEI_SIM,24,0.6191046847505338,0.3090200776864584,0.6303247138229335,0.32130463613647514
scr_0613_0539,baseline,Baseline CE,hotspot_burden_scale,1.0,0,24680,TRADES_COUNT_M,K3 CE flows,TRADES_COUNT_M,24,3887.5833333333335,2071.0,3954.0,1883.0
scr_0613_0539,baseline,Baseline CE,hotspot_burden_scale,1.0,0,24680,UNEMPLOYMENT,K4 unemployment,UNEMPLOYMENT,24,0.09071342972874197,0.0953646988347031,0.090545129292656,-0.004819569542047097
scr_0613_0539,baseline,Baseline CE,hotspot_burden_scale,1.0,0,24680,D_adv_exposure,K5 spatial-advantage exposure inequality,D_adv_exposure,24,0.17083829604465697,0.1378939902695001,0.169882892127228,0.0319889018577279
scr_0613_0539,baseline,Baseline CE,hotspot_burden_scale,1.0,0,24680,D_resources,K6 economic-resource inequality,D_resources,24,0.3881065329196303,0.3056171879604059,0.3462237247658014,0.0406065368053955
scr_0613_0539,baseline,Baseline CE,hotspot_burden_scale,1.5,0,24680,MEAN_LOCAL_CE_ACTIVATION,K1 mean local CE activation,MEAN_LOCAL_CE_ACTIVATION,24,0.018009254469126015,0.0,0.0179382978640079,0.0179382978640079
scr_0613_0539,baseline,Baseline CE,hotspot_burden_scale,1.5,0,24680,CEI_SIM,K2 flow-based citywide CE index,CEI_SIM,24,0.6191046847505338,0.3090200776864584,0.6303247138229335,0.32130463613647514
scr_0613_0539,baseline,Baseline CE,hotspot_burden_scale,1.5,0,24680,TRADES_COUNT_M,K3 CE flows,TRADES_COUNT_M,24,3887.5833333333335,2071.0,3954.0,1883.0
scr_0613_0539,baseline,Baseline CE,hotspot_burden_scale,1.5,0,24680,UNEMPLOYMENT,K4 unemployment,UNEMPLOYMENT,24,0.09071342972874197,0.0953646988347031,0.090545129292656,-0.004819569542047097
scr_0613_0539,baseline,Baseline CE,hotspot_burden_scale,1.5,0,24680,D_adv_exposure,K5 spatial-advantage exposure inequality,D_adv_exposure,24,0.1311919889968812,0.1033182389044894,0.1304389791226428,0.02712074021815339
scr_0613_0539,baseline,Baseline CE,hotspot_burden_scale,1.5,0,24680,D_resources,K6 economic-resource inequality,D_resources,24,0.3881065329196303,0.3056171879604059,0.3462237247658014,0.0406065368053955
scr_0613_0539,baseline,Baseline CE,hotspot_burden_scale,2.0,0,24680,MEAN_LOCAL_CE_ACTIVATION,K1 mean local CE activation,MEAN_LOCAL_CE_ACTIVATION,24,0.018009254469126015,0.0,0.0179382978640079,0.0179382978640079
scr_0613_0539,baseline,Baseline CE,hotspot_burden_scale,2.0,0,24680,CEI_SIM,K2 flow-based citywide CE index,CEI_SIM,24,0.6191046847505338,0.3090200776864584,0.6303247138229335,0.32130463613647514
scr_0613_0539,baseline,Baseline CE,hotspot_burden_scale,2.0,0,24680,TRADES_COUNT_M,K3 CE flows,TRADES_COUNT_M,24,3887.5833333333335,2071.0,3954.0,1883.0
scr_0613_0539,baseline,Baseline CE,hotspot_burden_scale,2.0,0,24680,UNEMPLOYMENT,K4 unemployment,UNEMPLOYMENT,24,0.09071342972874197,0.0953646988347031,0.090545129292656,-0.004819569542047097
scr_0613_0539,baseline,Baseline CE,hotspot_burden_scale,2.0,0,24680,D_adv_exposure,K5 spatial-advantage exposure inequality,D_adv_exposure,24,0.10682678427820856,0.0842549669238586,0.106172760053196,0.021917793129337393
scr_0613_0539,baseline,Baseline CE,hotspot_burden_scale,2.0,0,24680,D_resources,K6 economic-resource inequality,D_resources,24,0.3881065329196303,0.3056171879604059,0.3462237247658014,0.0406065368053955
scr_0613_0539,baseline,Baseline CE,observability_prob,0.0,0,24680,MEAN_LOCAL_CE_ACTIVATION,K1 mean local CE activation,MEAN_LOCAL_CE_ACTIVATION,24,0.01859386672986124,0.0,0.0192595935964995,0.0192595935964995
scr_0613_0539,baseline,Baseline CE,observability_prob,0.0,0,24680,CEI_SIM,K2 flow-based citywide CE index,CEI_SIM,24,0.6192581127114299,0.3088351615949885,0.6245525184937979,0.31571735689880936
scr_0613_0539,baseline,Baseline CE,observability_prob,0.0,0,24680,TRADES_COUNT_M,K3 CE flows,TRADES_COUNT_M,24,3890.3333333333335,2077.0,3906.0,1829.0
scr_0613_0539,baseline,Baseline CE,observability_prob,0.0,0,24680,UNEMPLOYMENT,K4 unemployment,UNEMPLOYMENT,24,0.09071112830932852,0.0953674725760751,0.090631712222593,-0.004735760353482096
scr_0613_0539,baseline,Baseline CE,observability_prob,0.0,0,24680,D_adv_exposure,K5 spatial-advantage exposure inequality,D_adv_exposure,24,0.16944686188070227,0.1373471031284251,0.1684559239030564,0.031108820774631285
scr_0613_0539,baseline,Baseline CE,observability_prob,0.0,0,24680,D_resources,K6 economic-resource inequality,D_resources,24,0.4162148630571507,0.3056218799934459,0.3891813084861048,0.0835594284926589
scr_0613_0539,baseline,Baseline CE,observability_prob,0.5,0,24680,MEAN_LOCAL_CE_ACTIVATION,K1 mean local CE activation,MEAN_LOCAL_CE_ACTIVATION,24,0.018009254469126015,0.0,0.0179382978640079,0.0179382978640079
scr_0613_0539,baseline,Baseline CE,observability_prob,0.5,0,24680,CEI_SIM,K2 flow-based citywide CE index,CEI_SIM,24,0.6191046847505338,0.3090200776864584,0.6303247138229335,0.32130463613647514
scr_0613_0539,baseline,Baseline CE,observability_prob,0.5,0,24680,TRADES_COUNT_M,K3 CE flows,TRADES_COUNT_M,24,3887.5833333333335,2071.0,3954.0,1883.0
scr_0613_0539,baseline,Baseline CE,observability_prob,0.5,0,24680,UNEMPLOYMENT,K4 unemployment,UNEMPLOYMENT,24,0.09071342972874197,0.0953646988347031,0.090545129292656,-0.004819569542047097
scr_0613_0539,baseline,Baseline CE,observability_prob,0.5,0,24680,D_adv_exposure,K5 spatial-advantage exposure inequality,D_adv_exposure,24,0.17083829604465697,0.1378939902695001,0.169882892127228,0.0319889018577279
scr_0613_0539,baseline,Baseline CE,observability_prob,0.5,0,24680,D_resources,K6 economic-resource inequality,D_resources,24,0.3881065329196303,0.3056171879604059,0.3462237247658014,0.0406065368053955
scr_0613_0539,baseline,Baseline CE,observability_prob,1.0,0,24680,MEAN_LOCAL_CE_ACTIVATION,K1 mean local CE activation,MEAN_LOCAL_CE_ACTIVATION,24,0.018517164080000845,0.0,0.0188248524603977,0.0188248524603977
scr_0613_0539,baseline,Baseline CE,observability_prob,1.0,0,24680,CEI_SIM,K2 flow-based citywide CE index,CEI_SIM,24,0.6184782928865047,0.3093953153380913,0.6206885045021375,0.31129318916404625
scr_0613_0539,baseline,Baseline CE,observability_prob,1.0,0,24680,TRADES_COUNT_M,K3 CE flows,TRADES_COUNT_M,24,3884.75,2066.0,3901.0,1835.0
scr_0613_0539,baseline,Baseline CE,observability_prob,1.0,0,24680,UNEMPLOYMENT,K4 unemployment,UNEMPLOYMENT,24,0.09072282560670238,0.0953590702699286,0.0906896724324679,-0.004669397837460704
scr_0613_0539,baseline,Baseline CE,observability_prob,1.0,0,24680,D_adv_exposure,K5 spatial-advantage exposure inequality,D_adv_exposure,24,0.1703466901679017,0.137895636212179,0.1692559405378644,0.0313603043256854
scr_0613_0539,baseline,Baseline CE,observability_prob,1.0,0,24680,D_resources,K6 economic-resource inequality,D_resources,24,0.4136230224988982,0.3056137091585519,0.3801870691726056,0.07457336001405368
scr_0613_0539,ce_strong,Targeted CE expansion,full_model,,0,124680,MEAN_LOCAL_CE_ACTIVATION,K1 mean local CE activation,MEAN_LOCAL_CE_ACTIVATION,24,0.019210167959022195,0.0,0.0192503456197725,0.0192503456197725
scr_0613_0539,ce_strong,Targeted CE expansion,full_model,,0,124680,CEI_SIM,K2 flow-based citywide CE index,CEI_SIM,24,0.6414573616780198,0.3539093065748563,0.6472078827250548,0.2932985761501985
scr_0613_0539,ce_strong,Targeted CE expansion,full_model,,0,124680,TRADES_COUNT_M,K3 CE flows,TRADES_COUNT_M,24,3999.6666666666665,2293.0,4024.0,1731.0
scr_0613_0539,ce_strong,Targeted CE expansion,full_model,,0,124680,UNEMPLOYMENT,K4 unemployment,UNEMPLOYMENT,24,0.09037813957482965,0.0946913604013771,0.0902918817591241,-0.004399478642252999
scr_0613_0539,ce_strong,Targeted CE expansion,full_model,,0,124680,D_adv_exposure,K5 spatial-advantage exposure inequality,D_adv_exposure,24,0.1707393907305407,0.1377995131295907,0.1695102504886624,0.03171073735907168
scr_0613_0539,ce_strong,Targeted CE expansion,full_model,,0,124680,D_resources,K6 economic-resource inequality,D_resources,24,0.7731252322662249,0.3054843930626278,0.7602013071003373,0.4547169140377095
scr_0613_0539,ce_strong,Targeted CE expansion,beta_cei,0.005,0,124680,MEAN_LOCAL_CE_ACTIVATION,K1 mean local CE activation,MEAN_LOCAL_CE_ACTIVATION,24,0.019135390411264108,0.0,0.0193938603948279,0.0193938603948279
scr_0613_0539,ce_strong,Targeted CE expansion,beta_cei,0.005,0,124680,CEI_SIM,K2 flow-based citywide CE index,CEI_SIM,24,0.6409176952887622,0.3539093065748563,0.6423837684956839,0.2884744619208276
scr_0613_0539,ce_strong,Targeted CE expansion,beta_cei,0.005,0,124680,TRADES_COUNT_M,K3 CE flows,TRADES_COUNT_M,24,4004.9583333333335,2293.0,3998.0,1705.0
scr_0613_0539,ce_strong,Targeted CE expansion,beta_cei,0.005,0,124680,UNEMPLOYMENT,K4 unemployment,UNEMPLOYMENT,24,0.10320458847644377,0.1017695465328742,0.1032119188424784,0.0014423723096042007
scr_0613_0539,ce_strong,Targeted CE expansion,beta_cei,0.005,0,124680,D_adv_exposure,K5 spatial-advantage exposure inequality,D_adv_exposure,24,0.17041152781048383,0.1377995131295907,0.1691863392605724,0.031386826130981677
scr_0613_0539,ce_strong,Targeted CE expansion,beta_cei,0.005,0,124680,D_resources,K6 economic-resource inequality,D_resources,24,0.7735011261483103,0.3054843930626278,0.760532963353509,0.45504857029088114
scr_0613_0539,ce_strong,Targeted CE expansion,beta_cei,0.0,0,124680,MEAN_LOCAL_CE_ACTIVATION,K1 mean local CE activation,MEAN_LOCAL_CE_ACTIVATION,24,0.018206150824709055,0.0,0.0185392731021127,0.0185392731021127
scr_0613_0539,ce_strong,Targeted CE expansion,beta_cei,0.0,0,124680,CEI_SIM,K2 flow-based citywide CE index,CEI_SIM,24,0.6409465926896127,0.3539093065748563,0.640913976068763,0.2870046694939067
scr_0613_0539,ce_strong,Targeted CE expansion,beta_cei,0.0,0,124680,TRADES_COUNT_M,K3 CE flows,TRADES_COUNT_M,24,4003.5,2293.0,4010.0,1717.0
scr_0613_0539,ce_strong,Targeted CE expansion,beta_cei,0.0,0,124680,UNEMPLOYMENT,K4 unemployment,UNEMPLOYMENT,24,0.10000000000000002,0.1,0.1,0.0
scr_0613_0539,ce_strong,Targeted CE expansion,beta_cei,0.0,0,124680,D_adv_exposure,K5 spatial-advantage exposure inequality,D_adv_exposure,24,0.17051927003184866,0.1377995131295907,0.1696077268831648,0.031808213753574094
scr_0613_0539,ce_strong,Targeted CE expansion,beta_cei,0.0,0,124680,D_resources,K6 economic-resource inequality,D_resources,24,0.7712134487472037,0.3054843930626278,0.7572671760102321,0.45178278294760427
scr_0613_0539,ce_strong,Targeted CE expansion,beta_cei,-0.005,0,124680,MEAN_LOCAL_CE_ACTIVATION,K1 mean local CE activation,MEAN_LOCAL_CE_ACTIVATION,24,0.019969877134707537,0.0,0.0196740929085383,0.0196740929085383
scr_0613_0539,ce_strong,Targeted CE expansion,beta_cei,-0.005,0,124680,CEI_SIM,K2 flow-based citywide CE index,CEI_SIM,24,0.6425235130187036,0.3539093065748563,0.6408823649045414,0.2869730583296851
scr_0613_0539,ce_strong,Targeted CE expansion,beta_cei,-0.005,0,124680,TRADES_COUNT_M,K3 CE flows,TRADES_COUNT_M,24,4002.125,2293.0,3961.0,1668.0
scr_0613_0539,ce_strong,Targeted CE expansion,beta_cei,-0.005,0,124680,UNEMPLOYMENT,K4 unemployment,UNEMPLOYMENT,24,0.09678738243490644,0.0982304534671257,0.0967955881754773,-0.0014348652916483934
scr_0613_0539,ce_strong,Targeted CE expansion,beta_cei,-0.005,0,124680,D_adv_exposure,K5 spatial-advantage exposure inequality,D_adv_exposure,24,0.17035465542979544,0.1377995131295907,0.1692355661912318,0.0314360530616411
scr_0613_0539,ce_strong,Targeted CE expansion,beta_cei,-0.005,0,124680,D_resources,K6 economic-resource inequality,D_resources,24,0.7706311334340176,0.3054843930626278,0.7566263380558454,0.45114194499321764
scr_0613_0539,ce_strong,Targeted CE expansion,beta_cei,-0.015,0,124680,MEAN_LOCAL_CE_ACTIVATION,K1 mean local CE activation,MEAN_LOCAL_CE_ACTIVATION,24,0.019210167959022195,0.0,0.0192503456197725,0.0192503456197725
scr_0613_0539,ce_strong,Targeted CE expansion,beta_cei,-0.015,0,124680,CEI_SIM,K2 flow-based citywide CE index,CEI_SIM,24,0.6414573616780198,0.3539093065748563,0.6472078827250548,0.2932985761501985
scr_0613_0539,ce_strong,Targeted CE expansion,beta_cei,-0.015,0,124680,TRADES_COUNT_M,K3 CE flows,TRADES_COUNT_M,24,3999.6666666666665,2293.0,4024.0,1731.0
scr_0613_0539,ce_strong,Targeted CE expansion,beta_cei,-0.015,0,124680,UNEMPLOYMENT,K4 unemployment,UNEMPLOYMENT,24,0.09037813957482965,0.0946913604013771,0.0902918817591241,-0.004399478642252999
scr_0613_0539,ce_strong,Targeted CE expansion,beta_cei,-0.015,0,124680,D_adv_exposure,K5 spatial-advantage exposure inequality,D_adv_exposure,24,0.1707393907305407,0.1377995131295907,0.1695102504886624,0.03171073735907168
scr_0613_0539,ce_strong,Targeted CE expansion,beta_cei,-0.015,0,124680,D_resources,K6 economic-resource inequality,D_resources,24,0.7731252322662249,0.3054843930626278,0.7602013071003373,0.4547169140377095
scr_0613_0539,ce_strong,Targeted CE expansion,beta_cei,-0.03,0,124680,MEAN_LOCAL_CE_ACTIVATION,K1 mean local CE activation,MEAN_LOCAL_CE_ACTIVATION,24,0.01897957700771056,0.0,0.0195068933945797,0.0195068933945797
scr_0613_0539,ce_strong,Targeted CE expansion,beta_cei,-0.03,0,124680,CEI_SIM,K2 flow-based citywide CE index,CEI_SIM,24,0.642258228928788,0.3539093065748563,0.6401747790222878,0.2862654724474315
scr_0613_0539,ce_strong,Targeted CE expansion,beta_cei,-0.03,0,124680,TRADES_COUNT_M,K3 CE flows,TRADES_COUNT_M,24,4003.4166666666665,2293.0,3957.0,1664.0
scr_0613_0539,ce_strong,Targeted CE expansion,beta_cei,-0.03,0,124680,UNEMPLOYMENT,K4 unemployment,UNEMPLOYMENT,24,0.08073225313213633,0.0893827208027543,0.0807947566293313,-0.008587964173423002
scr_0613_0539,ce_strong,Targeted CE expansion,beta_cei,-0.03,0,124680,D_adv_exposure,K5 spatial-advantage exposure inequality,D_adv_exposure,24,0.17042052392950735,0.1377995131295907,0.1690920883430825,0.0312925752134918
scr_0613_0539,ce_strong,Targeted CE expansion,beta_cei,-0.03,0,124680,D_resources,K6 economic-resource inequality,D_resources,24,0.7678955490419278,0.3054843930626278,0.7531628721794006,0.4476784791167728
scr_0613_0539,ce_strong,Targeted CE expansion,gamma_need_savings,0.0,0,124680,MEAN_LOCAL_CE_ACTIVATION,K1 mean local CE activation,MEAN_LOCAL_CE_ACTIVATION,24,0.019047833873287737,0.0,0.0196517633426452,0.0196517633426452
scr_0613_0539,ce_strong,Targeted CE expansion,gamma_need_savings,0.0,0,124680,CEI_SIM,K2 flow-based citywide CE index,CEI_SIM,24,0.6357845479152041,0.3539093065748563,0.6411299448138523,0.287220638238996
scr_0613_0539,ce_strong,Targeted CE expansion,gamma_need_savings,0.0,0,124680,TRADES_COUNT_M,K3 CE flows,TRADES_COUNT_M,24,3990.7916666666665,2293.0,4051.0,1758.0
scr_0613_0539,ce_strong,Targeted CE expansion,gamma_need_savings,0.0,0,124680,UNEMPLOYMENT,K4 unemployment,UNEMPLOYMENT,24,0.09046323178127191,0.0946913604013771,0.0903830508277922,-0.004308309573584898
scr_0613_0539,ce_strong,Targeted CE expansion,gamma_need_savings,0.0,0,124680,D_adv_exposure,K5 spatial-advantage exposure inequality,D_adv_exposure,24,0.17096135966453926,0.1377995131295907,0.169789691758184,0.031990178628593297
scr_0613_0539,ce_strong,Targeted CE expansion,gamma_need_savings,0.0,0,124680,D_resources,K6 economic-resource inequality,D_resources,24,0.0328090135157832,0.3056957631930692,0.0270632191729088,-0.27863254402016036
scr_0613_0539,ce_strong,Targeted CE expansion,gamma_need_savings,0.25,0,124680,MEAN_LOCAL_CE_ACTIVATION,K1 mean local CE activation,MEAN_LOCAL_CE_ACTIVATION,24,0.018464956924930765,0.0,0.0193714253772184,0.0193714253772184
scr_0613_0539,ce_strong,Targeted CE expansion,gamma_need_savings,0.25,0,124680,CEI_SIM,K2 flow-based citywide CE index,CEI_SIM,24,0.6352546491784533,0.3539093065748563,0.6353032908686282,0.28139398429377194
scr_0613_0539,ce_strong,Targeted CE expansion,gamma_need_savings,0.25,0,124680,TRADES_COUNT_M,K3 CE flows,TRADES_COUNT_M,24,3987.9166666666665,2293.0,3974.0,1681.0
scr_0613_0539,ce_strong,Targeted CE expansion,gamma_need_savings,0.25,0,124680,UNEMPLOYMENT,K4 unemployment,UNEMPLOYMENT,24,0.09047118026232315,0.0946913604013771,0.0904704506369705,-0.004220909764406602
scr_0613_0539,ce_strong,Targeted CE expansion,gamma_need_savings,0.25,0,124680,D_adv_exposure,K5 spatial-advantage exposure inequality,D_adv_exposure,24,0.1703088672013786,0.1377995131295907,0.1692072494992922,0.03140773636970148
scr_0613_0539,ce_strong,Targeted CE expansion,gamma_need_savings,0.25,0,124680,D_resources,K6 economic-resource inequality,D_resources,24,0.12075587457763164,0.3056279343391314,0.1035515106822715,-0.20207642365685988
scr_0613_0539,ce_strong,Targeted CE expansion,gamma_need_savings,0.5,0,124680,MEAN_LOCAL_CE_ACTIVATION,K1 mean local CE activation,MEAN_LOCAL_CE_ACTIVATION,24,0.01942526167036102,0.0,0.018885774979414,0.018885774979414
scr_0613_0539,ce_strong,Targeted CE expansion,gamma_need_savings,0.5,0,124680,CEI_SIM,K2 flow-based citywide CE index,CEI_SIM,24,0.6347925263999501,0.3539093065748563,0.6333065396433895,0.27939723306853315
scr_0613_0539,ce_strong,Targeted CE expansion,gamma_need_savings,0.5,0,124680,TRADES_COUNT_M,K3 CE flows,TRADES_COUNT_M,24,3989.4166666666665,2293.0,3958.0,1665.0
scr_0613_0539,ce_strong,Targeted CE expansion,gamma_need_savings,0.5,0,124680,UNEMPLOYMENT,K4 unemployment,UNEMPLOYMENT,24,0.09047811210400071,0.0946913604013771,0.0905004019053491,-0.004190958496028005
scr_0613_0539,ce_strong,Targeted CE expansion,gamma_need_savings,0.5,0,124680,D_adv_exposure,K5 spatial-advantage exposure inequality,D_adv_exposure,24,0.17061731977890546,0.1377995131295907,0.1696409128376007,0.031841399708009976
scr_0613_0539,ce_strong,Targeted CE expansion,gamma_need_savings,0.5,0,124680,D_resources,K6 economic-resource inequality,D_resources,24,0.2968359643026319,0.3055601828501134,0.2590566906523652,-0.046503492197748186
scr_0613_0539,ce_strong,Targeted CE expansion,gamma_need_savings,0.6,0,124680,MEAN_LOCAL_CE_ACTIVATION,K1 mean local CE activation,MEAN_LOCAL_CE_ACTIVATION,24,0.018851238913776245,0.0,0.0191308431909797,0.0191308431909797
scr_0613_0539,ce_strong,Targeted CE expansion,gamma_need_savings,0.6,0,124680,CEI_SIM,K2 flow-based citywide CE index,CEI_SIM,24,0.6377119957808134,0.3539093065748563,0.6442497347697687,0.29034042819491235
scr_0613_0539,ce_strong,Targeted CE expansion,gamma_need_savings,0.6,0,124680,TRADES_COUNT_M,K3 CE flows,TRADES_COUNT_M,24,3989.375,2293.0,4006.0,1713.0
scr_0613_0539,ce_strong,Targeted CE expansion,gamma_need_savings,0.6,0,124680,UNEMPLOYMENT,K4 unemployment,UNEMPLOYMENT,24,0.09043432006328776,0.0946913604013771,0.0903362539784534,-0.0043551064229236935
scr_0613_0539,ce_strong,Targeted CE expansion,gamma_need_savings,0.6,0,124680,D_adv_exposure,K5 spatial-advantage exposure inequality,D_adv_exposure,24,0.17109671351628797,0.1377995131295907,0.1698823493015596,0.03208283617196889
scr_0613_0539,ce_strong,Targeted CE expansion,gamma_need_savings,0.6,0,124680,D_resources,K6 economic-resource inequality,D_resources,24,0.46609375304609824,0.3055331038255005,0.4270217771662033,0.12148867334070285
scr_0613_0539,ce_strong,Targeted CE expansion,gamma_need_savings,0.75,0,124680,MEAN_LOCAL_CE_ACTIVATION,K1 mean local CE activation,MEAN_LOCAL_CE_ACTIVATION,24,0.019357084723670138,0.0,0.019145926291618,0.019145926291618
scr_0613_0539,ce_strong,Targeted CE expansion,gamma_need_savings,0.75,0,124680,CEI_SIM,K2 flow-based citywide CE index,CEI_SIM,24,0.6412904431313404,0.3539093065748563,0.6419944856839946,0.28808517910913833
scr_0613_0539,ce_strong,Targeted CE expansion,gamma_need_savings,0.75,0,124680,TRADES_COUNT_M,K3 CE flows,TRADES_COUNT_M,24,4000.1666666666665,2293.0,3966.0,1673.0
scr_0613_0539,ce_strong,Targeted CE expansion,gamma_need_savings,0.75,0,124680,UNEMPLOYMENT,K4 unemployment,UNEMPLOYMENT,24,0.09038064335302985,0.0946913604013771,0.09037008271474,-0.004321277686637107
scr_0613_0539,ce_strong,Targeted CE expansion,gamma_need_savings,0.75,0,124680,D_adv_exposure,K5 spatial-advantage exposure inequality,D_adv_exposure,24,0.17046465825510734,0.1377995131295907,0.169242030383398,0.031442517253807284
scr_0613_0539,ce_strong,Targeted CE expansion,gamma_need_savings,0.75,0,124680,D_resources,K6 economic-resource inequality,D_resources,24,0.7344415834294873,0.3054925087209811,0.7148456174520589,0.4093531087310778
scr_0613_0539,ce_strong,Targeted CE expansion,gamma_need_savings,1.0,0,124680,MEAN_LOCAL_CE_ACTIVATION,K1 mean local CE activation,MEAN_LOCAL_CE_ACTIVATION,24,0.01828484608682886,0.0,0.0182554006851124,0.0182554006851124
scr_0613_0539,ce_strong,Targeted CE expansion,gamma_need_savings,1.0,0,124680,CEI_SIM,K2 flow-based citywide CE index,CEI_SIM,24,0.6958026267162903,0.3539093065748563,0.6971682981575148,0.3432589915826585
scr_0613_0539,ce_strong,Targeted CE expansion,gamma_need_savings,1.0,0,124680,TRADES_COUNT_M,K3 CE flows,TRADES_COUNT_M,24,4121.75,2293.0,4157.0,1864.0
scr_0613_0539,ce_strong,Targeted CE expansion,gamma_need_savings,1.0,0,124680,UNEMPLOYMENT,K4 unemployment,UNEMPLOYMENT,24,0.08956296059925561,0.0946913604013771,0.0895424755276372,-0.005148884873739906
scr_0613_0539,ce_strong,Targeted CE expansion,gamma_need_savings,1.0,0,124680,D_adv_exposure,K5 spatial-advantage exposure inequality,D_adv_exposure,24,0.17122697222905559,0.1377995131295907,0.1700279716374694,0.0322284585078787
scr_0613_0539,ce_strong,Targeted CE expansion,gamma_need_savings,1.0,0,124680,D_resources,K6 economic-resource inequality,D_resources,24,0.5132235745061159,0.3054249112492054,0.5123905460017033,0.2069656347524979
scr_0613_0539,ce_strong,Targeted CE expansion,move_prob,0.0,0,124680,MEAN_LOCAL_CE_ACTIVATION,K1 mean local CE activation,MEAN_LOCAL_CE_ACTIVATION,24,0.01379550653151198,0.0,0.0138826604402584,0.0138826604402584
scr_0613_0539,ce_strong,Targeted CE expansion,move_prob,0.0,0,124680,CEI_SIM,K2 flow-based citywide CE index,CEI_SIM,24,0.6278380903940706,0.351435367757834,0.6217243296937819,0.27028896193594787
scr_0613_0539,ce_strong,Targeted CE expansion,move_prob,0.0,0,124680,TRADES_COUNT_M,K3 CE flows,TRADES_COUNT_M,24,3878.625,2297.0,3873.0,1576.0
scr_0613_0539,ce_strong,Targeted CE expansion,move_prob,0.0,0,124680,UNEMPLOYMENT,K4 unemployment,UNEMPLOYMENT,24,0.09058242864408889,0.0947284694836324,0.0906741350545932,-0.0040543344290392
scr_0613_0539,ce_strong,Targeted CE expansion,move_prob,0.0,0,124680,D_adv_exposure,K5 spatial-advantage exposure inequality,D_adv_exposure,24,0.1347428252173443,0.1347428252173443,0.1347428252173443,0.0
scr_0613_0539,ce_strong,Targeted CE expansion,move_prob,0.0,0,124680,D_resources,K6 economic-resource inequality,D_resources,24,0.782173012187337,0.3055272082724463,0.7709713235653955,0.46544411529294927
scr_0613_0539,ce_strong,Targeted CE expansion,move_prob,0.01,0,124680,MEAN_LOCAL_CE_ACTIVATION,K1 mean local CE activation,MEAN_LOCAL_CE_ACTIVATION,24,0.015702631422741347,0.0,0.0153334131243421,0.0153334131243421
scr_0613_0539,ce_strong,Targeted CE expansion,move_prob,0.01,0,124680,CEI_SIM,K2 flow-based citywide CE index,CEI_SIM,24,0.6307667375229431,0.3516673238346751,0.6393677245926396,0.2877004007579645
scr_0613_0539,ce_strong,Targeted CE expansion,move_prob,0.01,0,124680,TRADES_COUNT_M,K3 CE flows,TRADES_COUNT_M,24,3910.3333333333335,2294.0,3933.0,1639.0
scr_0613_0539,ce_strong,Targeted CE expansion,move_prob,0.01,0,124680,UNEMPLOYMENT,K4 unemployment,UNEMPLOYMENT,24,0.09053849893715582,0.0947249901424798,0.0904094841311104,-0.004315506011369402
scr_0613_0539,ce_strong,Targeted CE expansion,move_prob,0.01,0,124680,D_adv_exposure,K5 spatial-advantage exposure inequality,D_adv_exposure,24,0.16326241393452778,0.1349833525493846,0.1644667883461512,0.0294834357967666
scr_0613_0539,ce_strong,Targeted CE expansion,move_prob,0.01,0,124680,D_resources,K6 economic-resource inequality,D_resources,24,0.78703002838652,0.3055102341972753,0.7767861111881375,0.47127587699086215
scr_0613_0539,ce_strong,Targeted CE expansion,move_prob,0.05,0,124680,MEAN_LOCAL_CE_ACTIVATION,K1 mean local CE activation,MEAN_LOCAL_CE_ACTIVATION,24,0.016738597046482773,0.0,0.0165474710936735,0.0165474710936735
scr_0613_0539,ce_strong,Targeted CE expansion,move_prob,0.05,0,124680,CEI_SIM,K2 flow-based citywide CE index,CEI_SIM,24,0.636875626383333,0.352390722175139,0.6396986678540347,0.2873079456788957
scr_0613_0539,ce_strong,Targeted CE expansion,move_prob,0.05,0,124680,TRADES_COUNT_M,K3 CE flows,TRADES_COUNT_M,24,3970.25,2290.0,4009.0,1719.0
scr_0613_0539,ce_strong,Targeted CE expansion,move_prob,0.05,0,124680,UNEMPLOYMENT,K4 unemployment,UNEMPLOYMENT,24,0.09044686560424997,0.0947141391673729,0.0904045199821894,-0.004309619185183494
scr_0613_0539,ce_strong,Targeted CE expansion,move_prob,0.05,0,124680,D_adv_exposure,K5 spatial-advantage exposure inequality,D_adv_exposure,24,0.1833586205911011,0.1365466801374564,0.1829324172873334,0.04638573714987698
scr_0613_0539,ce_strong,Targeted CE expansion,move_prob,0.05,0,124680,D_resources,K6 economic-resource inequality,D_resources,24,0.7742924193981816,0.3055088925215374,0.7607806937148073,0.4552718011932699
scr_0613_0539,ce_strong,Targeted CE expansion,move_prob,0.1,0,124680,MEAN_LOCAL_CE_ACTIVATION,K1 mean local CE activation,MEAN_LOCAL_CE_ACTIVATION,24,0.019210167959022195,0.0,0.0192503456197725,0.0192503456197725
scr_0613_0539,ce_strong,Targeted CE expansion,move_prob,0.1,0,124680,CEI_SIM,K2 flow-based citywide CE index,CEI_SIM,24,0.6414573616780198,0.3539093065748563,0.6472078827250548,0.2932985761501985
scr_0613_0539,ce_strong,Targeted CE expansion,move_prob,0.1,0,124680,TRADES_COUNT_M,K3 CE flows,TRADES_COUNT_M,24,3999.6666666666665,2293.0,4024.0,1731.0
scr_0613_0539,ce_strong,Targeted CE expansion,move_prob,0.1,0,124680,UNEMPLOYMENT,K4 unemployment,UNEMPLOYMENT,24,0.09037813957482965,0.0946913604013771,0.0902918817591241,-0.004399478642252999
scr_0613_0539,ce_strong,Targeted CE expansion,move_prob,0.1,0,124680,D_adv_exposure,K5 spatial-advantage exposure inequality,D_adv_exposure,24,0.1707393907305407,0.1377995131295907,0.1695102504886624,0.03171073735907168
scr_0613_0539,ce_strong,Targeted CE expansion,move_prob,0.1,0,124680,D_resources,K6 economic-resource inequality,D_resources,24,0.7731252322662249,0.3054843930626278,0.7602013071003373,0.4547169140377095
scr_0613_0539,ce_strong,Targeted CE expansion,move_prob,0.2,0,124680,MEAN_LOCAL_CE_ACTIVATION,K1 mean local CE activation,MEAN_LOCAL_CE_ACTIVATION,24,0.028985316146239188,0.0,0.0288897483411113,0.0288897483411113
scr_0613_0539,ce_strong,Targeted CE expansion,move_prob,0.2,0,124680,CEI_SIM,K2 flow-based citywide CE index,CEI_SIM,24,0.6477918179071719,0.3551889610297337,0.6461383697771474,0.29094940874741376
scr_0613_0539,ce_strong,Targeted CE expansion,move_prob,0.2,0,124680,TRADES_COUNT_M,K3 CE flows,TRADES_COUNT_M,24,4052.4166666666665,2293.0,4036.0,1743.0
scr_0613_0539,ce_strong,Targeted CE expansion,move_prob,0.2,0,124680,UNEMPLOYMENT,K4 unemployment,UNEMPLOYMENT,24,0.09028312273139238,0.094672165584554,0.0903079244533427,-0.0043642411312113105
scr_0613_0539,ce_strong,Targeted CE expansion,move_prob,0.2,0,124680,D_adv_exposure,K5 spatial-advantage exposure inequality,D_adv_exposure,24,0.15196355842854328,0.1406509577809904,0.1509410179812571,0.010290060200266682
scr_0613_0539,ce_strong,Targeted CE expansion,move_prob,0.2,0,124680,D_resources,K6 economic-resource inequality,D_resources,24,0.7716482515037182,0.3054132650081981,0.7581761891031473,0.4527629240949492
scr_0613_0539,ce_strong,Targeted CE expansion,eta_opp_scale,0.5,0,124680,MEAN_LOCAL_CE_ACTIVATION,K1 mean local CE activation,MEAN_LOCAL_CE_ACTIVATION,24,0.018713636953470253,0.0,0.0191512077330784,0.0191512077330784
scr_0613_0539,ce_strong,Targeted CE expansion,eta_opp_scale,0.5,0,124680,CEI_SIM,K2 flow-based citywide CE index,CEI_SIM,24,0.6406862578456353,0.3466138543648838,0.6406867051523211,0.2940728507874373
scr_0613_0539,ce_strong,Targeted CE expansion,eta_opp_scale,0.5,0,124680,TRADES_COUNT_M,K3 CE flows,TRADES_COUNT_M,24,3992.5416666666665,2276.0,4005.0,1729.0
scr_0613_0539,ce_strong,Targeted CE expansion,eta_opp_scale,0.5,0,124680,UNEMPLOYMENT,K4 unemployment,UNEMPLOYMENT,24,0.09038970613231545,0.0948007921845267,0.0903896994227151,-0.004411092761811591
scr_0613_0539,ce_strong,Targeted CE expansion,eta_opp_scale,0.5,0,124680,D_adv_exposure,K5 spatial-advantage exposure inequality,D_adv_exposure,24,0.17024233019654256,0.1368797138805957,0.169146450628363,0.03226673674776731
scr_0613_0539,ce_strong,Targeted CE expansion,eta_opp_scale,0.5,0,124680,D_resources,K6 economic-resource inequality,D_resources,24,0.7746213924400926,0.3054927290348119,0.7618229334777087,0.4563302044428968
scr_0613_0539,ce_strong,Targeted CE expansion,eta_opp_scale,0.75,0,124680,MEAN_LOCAL_CE_ACTIVATION,K1 mean local CE activation,MEAN_LOCAL_CE_ACTIVATION,24,0.018384031593417387,0.0,0.0193785404936968,0.0193785404936968
scr_0613_0539,ce_strong,Targeted CE expansion,eta_opp_scale,0.75,0,124680,CEI_SIM,K2 flow-based citywide CE index,CEI_SIM,24,0.6410760589533321,0.3446845414941984,0.6415498342899686,0.2968652927957702
scr_0613_0539,ce_strong,Targeted CE expansion,eta_opp_scale,0.75,0,124680,TRADES_COUNT_M,K3 CE flows,TRADES_COUNT_M,24,3998.0416666666665,2273.0,3990.0,1717.0
scr_0613_0539,ce_strong,Targeted CE expansion,eta_opp_scale,0.75,0,124680,UNEMPLOYMENT,K4 unemployment,UNEMPLOYMENT,24,0.09038385911569997,0.094829731877587,0.0903767524856504,-0.004452979391936604
scr_0613_0539,ce_strong,Targeted CE expansion,eta_opp_scale,0.75,0,124680,D_adv_exposure,K5 spatial-advantage exposure inequality,D_adv_exposure,24,0.17057235850850824,0.1368184826710382,0.1693773542711956,0.03255887160015741
scr_0613_0539,ce_strong,Targeted CE expansion,eta_opp_scale,0.75,0,124680,D_resources,K6 economic-resource inequality,D_resources,24,0.7754146382236741,0.3054996367544405,0.7623672317815863,0.4568675950271458
scr_0613_0539,ce_strong,Targeted CE expansion,eta_opp_scale,1.0,0,124680,MEAN_LOCAL_CE_ACTIVATION,K1 mean local CE activation,MEAN_LOCAL_CE_ACTIVATION,24,0.019210167959022195,0.0,0.0192503456197725,0.0192503456197725
scr_0613_0539,ce_strong,Targeted CE expansion,eta_opp_scale,1.0,0,124680,CEI_SIM,K2 flow-based citywide CE index,CEI_SIM,24,0.6414573616780198,0.3539093065748563,0.6472078827250548,0.2932985761501985
scr_0613_0539,ce_strong,Targeted CE expansion,eta_opp_scale,1.0,0,124680,TRADES_COUNT_M,K3 CE flows,TRADES_COUNT_M,24,3999.6666666666665,2293.0,4024.0,1731.0
scr_0613_0539,ce_strong,Targeted CE expansion,eta_opp_scale,1.0,0,124680,UNEMPLOYMENT,K4 unemployment,UNEMPLOYMENT,24,0.09037813957482965,0.0946913604013771,0.0902918817591241,-0.004399478642252999
scr_0613_0539,ce_strong,Targeted CE expansion,eta_opp_scale,1.0,0,124680,D_adv_exposure,K5 spatial-advantage exposure inequality,D_adv_exposure,24,0.1707393907305407,0.1377995131295907,0.1695102504886624,0.03171073735907168
scr_0613_0539,ce_strong,Targeted CE expansion,eta_opp_scale,1.0,0,124680,D_resources,K6 economic-resource inequality,D_resources,24,0.7731252322662249,0.3054843930626278,0.7602013071003373,0.4547169140377095
scr_0613_0539,ce_strong,Targeted CE expansion,eta_opp_scale,1.25,0,124680,MEAN_LOCAL_CE_ACTIVATION,K1 mean local CE activation,MEAN_LOCAL_CE_ACTIVATION,24,0.018245960250286963,0.0,0.0189998607777053,0.0189998607777053
scr_0613_0539,ce_strong,Targeted CE expansion,eta_opp_scale,1.25,0,124680,CEI_SIM,K2 flow-based citywide CE index,CEI_SIM,24,0.6415132144643614,0.3521519301502617,0.646207951577811,0.2940560214275493
scr_0613_0539,ce_strong,Targeted CE expansion,eta_opp_scale,1.25,0,124680,TRADES_COUNT_M,K3 CE flows,TRADES_COUNT_M,24,4005.7083333333335,2296.0,4024.0,1728.0
scr_0613_0539,ce_strong,Targeted CE expansion,eta_opp_scale,1.25,0,124680,UNEMPLOYMENT,K4 unemployment,UNEMPLOYMENT,24,0.09037730178303455,0.094717721047746,0.0903068807263328,-0.004410840321413201
scr_0613_0539,ce_strong,Targeted CE expansion,eta_opp_scale,1.25,0,124680,D_adv_exposure,K5 spatial-advantage exposure inequality,D_adv_exposure,24,0.1712121427589596,0.1383449097806151,0.1699202569005833,0.031575347119968206
scr_0613_0539,ce_strong,Targeted CE expansion,eta_opp_scale,1.25,0,124680,D_resources,K6 economic-resource inequality,D_resources,24,0.772988292648018,0.3054951621670583,0.7594707287798729,0.4539755666128146
scr_0613_0539,ce_strong,Targeted CE expansion,eta_opp_scale,1.5,0,124680,MEAN_LOCAL_CE_ACTIVATION,K1 mean local CE activation,MEAN_LOCAL_CE_ACTIVATION,24,0.018228266661205517,0.0,0.0177059731641815,0.0177059731641815
scr_0613_0539,ce_strong,Targeted CE expansion,eta_opp_scale,1.5,0,124680,CEI_SIM,K2 flow-based citywide CE index,CEI_SIM,24,0.6426929023015266,0.3575403671545893,0.640147261855015,0.2826068947004257
scr_0613_0539,ce_strong,Targeted CE expansion,eta_opp_scale,1.5,0,124680,TRADES_COUNT_M,K3 CE flows,TRADES_COUNT_M,24,4013.5,2372.0,4032.0,1660.0
scr_0613_0539,ce_strong,Targeted CE expansion,eta_opp_scale,1.5,0,124680,UNEMPLOYMENT,K4 unemployment,UNEMPLOYMENT,24,0.09035960646547707,0.0946368944926811,0.0903977910721747,-0.0042391034205064015
scr_0613_0539,ce_strong,Targeted CE expansion,eta_opp_scale,1.5,0,124680,D_adv_exposure,K5 spatial-advantage exposure inequality,D_adv_exposure,24,0.1712344910971401,0.1383238868099418,0.1702970252842467,0.03197313847430491
scr_0613_0539,ce_strong,Targeted CE expansion,eta_opp_scale,1.5,0,124680,D_resources,K6 economic-resource inequality,D_resources,24,0.7737985204269293,0.3055264857860403,0.7602366999937642,0.4547102142077239
scr_0613_0539,ce_strong,Targeted CE expansion,barrier_sensitivity_scale,0.5,0,124680,MEAN_LOCAL_CE_ACTIVATION,K1 mean local CE activation,MEAN_LOCAL_CE_ACTIVATION,24,0.019281039040181903,0.0,0.0191855296871903,0.0191855296871903
scr_0613_0539,ce_strong,Targeted CE expansion,barrier_sensitivity_scale,0.5,0,124680,CEI_SIM,K2 flow-based citywide CE index,CEI_SIM,24,0.6428733041028362,0.4788352083130958,0.6470615483382613,0.16822634002516557
scr_0613_0539,ce_strong,Targeted CE expansion,barrier_sensitivity_scale,0.5,0,124680,TRADES_COUNT_M,K3 CE flows,TRADES_COUNT_M,24,4005.2916666666665,2902.0,4015.0,1113.0
scr_0613_0539,ce_strong,Targeted CE expansion,barrier_sensitivity_scale,0.5,0,124680,UNEMPLOYMENT,K4 unemployment,UNEMPLOYMENT,24,0.09035690043845741,0.0928174718753035,0.090294076774926,-0.0025233951003774957
scr_0613_0539,ce_strong,Targeted CE expansion,barrier_sensitivity_scale,0.5,0,124680,D_adv_exposure,K5 spatial-advantage exposure inequality,D_adv_exposure,24,0.17086564405346225,0.1382221061152805,0.1698037444855829,0.03158163837030242
scr_0613_0539,ce_strong,Targeted CE expansion,barrier_sensitivity_scale,0.5,0,124680,D_resources,K6 economic-resource inequality,D_resources,24,0.7756210317952522,0.3054268444786148,0.7621006259227479,0.45667378144413306
scr_0613_0539,ce_strong,Targeted CE expansion,barrier_sensitivity_scale,0.75,0,124680,MEAN_LOCAL_CE_ACTIVATION,K1 mean local CE activation,MEAN_LOCAL_CE_ACTIVATION,24,0.01865603837619154,0.0,0.0189332801016833,0.0189332801016833
scr_0613_0539,ce_strong,Targeted CE expansion,barrier_sensitivity_scale,0.75,0,124680,CEI_SIM,K2 flow-based citywide CE index,CEI_SIM,24,0.641449543586493,0.4180052853699563,0.638464723075345,0.22045943770538867
scr_0613_0539,ce_strong,Targeted CE expansion,barrier_sensitivity_scale,0.75,0,124680,TRADES_COUNT_M,K3 CE flows,TRADES_COUNT_M,24,4000.8333333333335,2621.0,3977.0,1356.0
scr_0613_0539,ce_strong,Targeted CE expansion,barrier_sensitivity_scale,0.75,0,124680,UNEMPLOYMENT,K4 unemployment,UNEMPLOYMENT,24,0.09037825684620256,0.0937299207194506,0.0904230291538698,-0.0033068915655808107
scr_0613_0539,ce_strong,Targeted CE expansion,barrier_sensitivity_scale,0.75,0,124680,D_adv_exposure,K5 spatial-advantage exposure inequality,D_adv_exposure,24,0.17101520042569976,0.1380089267849279,0.1698909385965113,0.0318820118115834
scr_0613_0539,ce_strong,Targeted CE expansion,barrier_sensitivity_scale,0.75,0,124680,D_resources,K6 economic-resource inequality,D_resources,24,0.7763935944550803,0.3054800738351884,0.7634424994892305,0.4579624256540421
scr_0613_0539,ce_strong,Targeted CE expansion,barrier_sensitivity_scale,1.0,0,124680,MEAN_LOCAL_CE_ACTIVATION,K1 mean local CE activation,MEAN_LOCAL_CE_ACTIVATION,24,0.019210167959022195,0.0,0.0192503456197725,0.0192503456197725
scr_0613_0539,ce_strong,Targeted CE expansion,barrier_sensitivity_scale,1.0,0,124680,CEI_SIM,K2 flow-based citywide CE index,CEI_SIM,24,0.6414573616780198,0.3539093065748563,0.6472078827250548,0.2932985761501985
scr_0613_0539,ce_strong,Targeted CE expansion,barrier_sensitivity_scale,1.0,0,124680,TRADES_COUNT_M,K3 CE flows,TRADES_COUNT_M,24,3999.6666666666665,2293.0,4024.0,1731.0
scr_0613_0539,ce_strong,Targeted CE expansion,barrier_sensitivity_scale,1.0,0,124680,UNEMPLOYMENT,K4 unemployment,UNEMPLOYMENT,24,0.09037813957482965,0.0946913604013771,0.0902918817591241,-0.004399478642252999
scr_0613_0539,ce_strong,Targeted CE expansion,barrier_sensitivity_scale,1.0,0,124680,D_adv_exposure,K5 spatial-advantage exposure inequality,D_adv_exposure,24,0.1707393907305407,0.1377995131295907,0.1695102504886624,0.03171073735907168
scr_0613_0539,ce_strong,Targeted CE expansion,barrier_sensitivity_scale,1.0,0,124680,D_resources,K6 economic-resource inequality,D_resources,24,0.7731252322662249,0.3054843930626278,0.7602013071003373,0.4547169140377095
scr_0613_0539,ce_strong,Targeted CE expansion,barrier_sensitivity_scale,1.25,0,124680,MEAN_LOCAL_CE_ACTIVATION,K1 mean local CE activation,MEAN_LOCAL_CE_ACTIVATION,24,0.01891397326045105,0.0,0.0191289671627132,0.0191289671627132
scr_0613_0539,ce_strong,Targeted CE expansion,barrier_sensitivity_scale,1.25,0,124680,CEI_SIM,K2 flow-based citywide CE index,CEI_SIM,24,0.6412613343010194,0.2902112096073279,0.6476221396804984,0.35741093007317054
scr_0613_0539,ce_strong,Targeted CE expansion,barrier_sensitivity_scale,1.25,0,124680,TRADES_COUNT_M,K3 CE flows,TRADES_COUNT_M,24,3999.5833333333335,1979.0,3992.0,2013.0
scr_0613_0539,ce_strong,Targeted CE expansion,barrier_sensitivity_scale,1.25,0,124680,UNEMPLOYMENT,K4 unemployment,UNEMPLOYMENT,24,0.09038107998548468,0.09564683185589,0.0902856679047925,-0.0053611639510974946
scr_0613_0539,ce_strong,Targeted CE expansion,barrier_sensitivity_scale,1.25,0,124680,D_adv_exposure,K5 spatial-advantage exposure inequality,D_adv_exposure,24,0.17027040208789546,0.1379234240009885,0.1691332179197072,0.031209793918718698
scr_0613_0539,ce_strong,Targeted CE expansion,barrier_sensitivity_scale,1.25,0,124680,D_resources,K6 economic-resource inequality,D_resources,24,0.7675689133823683,0.3054769419959411,0.7536306062607159,0.44815366426477476
scr_0613_0539,ce_strong,Targeted CE expansion,barrier_sensitivity_scale,1.5,0,124680,MEAN_LOCAL_CE_ACTIVATION,K1 mean local CE activation,MEAN_LOCAL_CE_ACTIVATION,24,0.019124103917861887,0.0,0.0191907026673103,0.0191907026673103
scr_0613_0539,ce_strong,Targeted CE expansion,barrier_sensitivity_scale,1.5,0,124680,CEI_SIM,K2 flow-based citywide CE index,CEI_SIM,24,0.6408530513172873,0.2331019225248357,0.6383802142323164,0.4052782917074807
scr_0613_0539,ce_strong,Targeted CE expansion,barrier_sensitivity_scale,1.5,0,124680,TRADES_COUNT_M,K3 CE flows,TRADES_COUNT_M,24,4005.7916666666665,1643.0,3996.0,2353.0
scr_0613_0539,ce_strong,Targeted CE expansion,barrier_sensitivity_scale,1.5,0,124680,UNEMPLOYMENT,K4 unemployment,UNEMPLOYMENT,24,0.09038720423024066,0.0965034711621274,0.0904242967865152,-0.006079174375612201
scr_0613_0539,ce_strong,Targeted CE expansion,barrier_sensitivity_scale,1.5,0,124680,D_adv_exposure,K5 spatial-advantage exposure inequality,D_adv_exposure,24,0.1708352682406525,0.1386224369695646,0.1696419993563812,0.03101956238681658
scr_0613_0539,ce_strong,Targeted CE expansion,barrier_sensitivity_scale,1.5,0,124680,D_resources,K6 economic-resource inequality,D_resources,24,0.764708240438746,0.3055222483241783,0.7502740151684285,0.4447517668442502
scr_0613_0539,ce_strong,Targeted CE expansion,hotspot_burden_scale,0.0,0,124680,MEAN_LOCAL_CE_ACTIVATION,K1 mean local CE activation,MEAN_LOCAL_CE_ACTIVATION,24,0.019210167959022195,0.0,0.0192503456197725,0.0192503456197725
scr_0613_0539,ce_strong,Targeted CE expansion,hotspot_burden_scale,0.0,0,124680,CEI_SIM,K2 flow-based citywide CE index,CEI_SIM,24,0.6414573616780198,0.3539093065748563,0.6472078827250548,0.2932985761501985
scr_0613_0539,ce_strong,Targeted CE expansion,hotspot_burden_scale,0.0,0,124680,TRADES_COUNT_M,K3 CE flows,TRADES_COUNT_M,24,3999.6666666666665,2293.0,4024.0,1731.0
scr_0613_0539,ce_strong,Targeted CE expansion,hotspot_burden_scale,0.0,0,124680,UNEMPLOYMENT,K4 unemployment,UNEMPLOYMENT,24,0.09037813957482965,0.0946913604013771,0.0902918817591241,-0.004399478642252999
scr_0613_0539,ce_strong,Targeted CE expansion,hotspot_burden_scale,0.0,0,124680,D_adv_exposure,K5 spatial-advantage exposure inequality,D_adv_exposure,24,0.4043414322378836,0.5240948193684865,0.3996697744628839,-0.12442504490560258
scr_0613_0539,ce_strong,Targeted CE expansion,hotspot_burden_scale,0.0,0,124680,D_resources,K6 economic-resource inequality,D_resources,24,0.7731252322662249,0.3054843930626278,0.7602013071003373,0.4547169140377095
scr_0613_0539,ce_strong,Targeted CE expansion,hotspot_burden_scale,0.5,0,124680,MEAN_LOCAL_CE_ACTIVATION,K1 mean local CE activation,MEAN_LOCAL_CE_ACTIVATION,24,0.019210167959022195,0.0,0.0192503456197725,0.0192503456197725
scr_0613_0539,ce_strong,Targeted CE expansion,hotspot_burden_scale,0.5,0,124680,CEI_SIM,K2 flow-based citywide CE index,CEI_SIM,24,0.6414573616780198,0.3539093065748563,0.6472078827250548,0.2932985761501985
scr_0613_0539,ce_strong,Targeted CE expansion,hotspot_burden_scale,0.5,0,124680,TRADES_COUNT_M,K3 CE flows,TRADES_COUNT_M,24,3999.6666666666665,2293.0,4024.0,1731.0
scr_0613_0539,ce_strong,Targeted CE expansion,hotspot_burden_scale,0.5,0,124680,UNEMPLOYMENT,K4 unemployment,UNEMPLOYMENT,24,0.09037813957482965,0.0946913604013771,0.0902918817591241,-0.004399478642252999
scr_0613_0539,ce_strong,Targeted CE expansion,hotspot_burden_scale,0.5,0,124680,D_adv_exposure,K5 spatial-advantage exposure inequality,D_adv_exposure,24,0.24454071213094877,0.2205170298004697,0.2425368097242169,0.022019779923747207
scr_0613_0539,ce_strong,Targeted CE expansion,hotspot_burden_scale,0.5,0,124680,D_resources,K6 economic-resource inequality,D_resources,24,0.7731252322662249,0.3054843930626278,0.7602013071003373,0.4547169140377095
scr_0613_0539,ce_strong,Targeted CE expansion,hotspot_burden_scale,1.0,0,124680,MEAN_LOCAL_CE_ACTIVATION,K1 mean local CE activation,MEAN_LOCAL_CE_ACTIVATION,24,0.019210167959022195,0.0,0.0192503456197725,0.0192503456197725
scr_0613_0539,ce_strong,Targeted CE expansion,hotspot_burden_scale,1.0,0,124680,CEI_SIM,K2 flow-based citywide CE index,CEI_SIM,24,0.6414573616780198,0.3539093065748563,0.6472078827250548,0.2932985761501985
scr_0613_0539,ce_strong,Targeted CE expansion,hotspot_burden_scale,1.0,0,124680,TRADES_COUNT_M,K3 CE flows,TRADES_COUNT_M,24,3999.6666666666665,2293.0,4024.0,1731.0
scr_0613_0539,ce_strong,Targeted CE expansion,hotspot_burden_scale,1.0,0,124680,UNEMPLOYMENT,K4 unemployment,UNEMPLOYMENT,24,0.09037813957482965,0.0946913604013771,0.0902918817591241,-0.004399478642252999
scr_0613_0539,ce_strong,Targeted CE expansion,hotspot_burden_scale,1.0,0,124680,D_adv_exposure,K5 spatial-advantage exposure inequality,D_adv_exposure,24,0.1707393907305407,0.1377995131295907,0.1695102504886624,0.03171073735907168
scr_0613_0539,ce_strong,Targeted CE expansion,hotspot_burden_scale,1.0,0,124680,D_resources,K6 economic-resource inequality,D_resources,24,0.7731252322662249,0.3054843930626278,0.7602013071003373,0.4547169140377095
scr_0613_0539,ce_strong,Targeted CE expansion,hotspot_burden_scale,1.5,0,124680,MEAN_LOCAL_CE_ACTIVATION,K1 mean local CE activation,MEAN_LOCAL_CE_ACTIVATION,24,0.019210167959022195,0.0,0.0192503456197725,0.0192503456197725
scr_0613_0539,ce_strong,Targeted CE expansion,hotspot_burden_scale,1.5,0,124680,CEI_SIM,K2 flow-based citywide CE index,CEI_SIM,24,0.6414573616780198,0.3539093065748563,0.6472078827250548,0.2932985761501985
scr_0613_0539,ce_strong,Targeted CE expansion,hotspot_burden_scale,1.5,0,124680,TRADES_COUNT_M,K3 CE flows,TRADES_COUNT_M,24,3999.6666666666665,2293.0,4024.0,1731.0
scr_0613_0539,ce_strong,Targeted CE expansion,hotspot_burden_scale,1.5,0,124680,UNEMPLOYMENT,K4 unemployment,UNEMPLOYMENT,24,0.09037813957482965,0.0946913604013771,0.0902918817591241,-0.004399478642252999
scr_0613_0539,ce_strong,Targeted CE expansion,hotspot_burden_scale,1.5,0,124680,D_adv_exposure,K5 spatial-advantage exposure inequality,D_adv_exposure,24,0.13135752864226466,0.1033465791476005,0.1304182603271877,0.027071681179587206
scr_0613_0539,ce_strong,Targeted CE expansion,hotspot_burden_scale,1.5,0,124680,D_resources,K6 economic-resource inequality,D_resources,24,0.7731252322662249,0.3054843930626278,0.7602013071003373,0.4547169140377095
scr_0613_0539,ce_strong,Targeted CE expansion,hotspot_burden_scale,2.0,0,124680,MEAN_LOCAL_CE_ACTIVATION,K1 mean local CE activation,MEAN_LOCAL_CE_ACTIVATION,24,0.019210167959022195,0.0,0.0192503456197725,0.0192503456197725
scr_0613_0539,ce_strong,Targeted CE expansion,hotspot_burden_scale,2.0,0,124680,CEI_SIM,K2 flow-based citywide CE index,CEI_SIM,24,0.6414573616780198,0.3539093065748563,0.6472078827250548,0.2932985761501985
scr_0613_0539,ce_strong,Targeted CE expansion,hotspot_burden_scale,2.0,0,124680,TRADES_COUNT_M,K3 CE flows,TRADES_COUNT_M,24,3999.6666666666665,2293.0,4024.0,1731.0
scr_0613_0539,ce_strong,Targeted CE expansion,hotspot_burden_scale,2.0,0,124680,UNEMPLOYMENT,K4 unemployment,UNEMPLOYMENT,24,0.09037813957482965,0.0946913604013771,0.0902918817591241,-0.004399478642252999
scr_0613_0539,ce_strong,Targeted CE expansion,hotspot_burden_scale,2.0,0,124680,D_adv_exposure,K5 spatial-advantage exposure inequality,D_adv_exposure,24,0.10704480570617651,0.0843433370879715,0.1062393023379679,0.021895965249996402
scr_0613_0539,ce_strong,Targeted CE expansion,hotspot_burden_scale,2.0,0,124680,D_resources,K6 economic-resource inequality,D_resources,24,0.7731252322662249,0.3054843930626278,0.7602013071003373,0.4547169140377095
scr_0613_0539,ce_strong,Targeted CE expansion,observability_prob,0.0,0,124680,MEAN_LOCAL_CE_ACTIVATION,K1 mean local CE activation,MEAN_LOCAL_CE_ACTIVATION,24,0.017696811123347672,0.0,0.0177205418474591,0.0177205418474591
scr_0613_0539,ce_strong,Targeted CE expansion,observability_prob,0.0,0,124680,CEI_SIM,K2 flow-based citywide CE index,CEI_SIM,24,0.6410728142040789,0.35378766268605,0.6496497229279824,0.2958620602419324
scr_0613_0539,ce_strong,Targeted CE expansion,observability_prob,0.0,0,124680,TRADES_COUNT_M,K3 CE flows,TRADES_COUNT_M,24,4005.9166666666665,2294.0,4037.0,1743.0
scr_0613_0539,ce_strong,Targeted CE expansion,observability_prob,0.0,0,124680,UNEMPLOYMENT,K4 unemployment,UNEMPLOYMENT,24,0.09038390778693879,0.0946931850597092,0.0902552541560802,-0.004437930903628998
scr_0613_0539,ce_strong,Targeted CE expansion,observability_prob,0.0,0,124680,D_adv_exposure,K5 spatial-advantage exposure inequality,D_adv_exposure,24,0.17081525845338272,0.1377995131295907,0.1694813335721246,0.0316818204425339
scr_0613_0539,ce_strong,Targeted CE expansion,observability_prob,0.0,0,124680,D_resources,K6 economic-resource inequality,D_resources,24,0.7675834522950082,0.3054845313766074,0.7525257833409636,0.44704125196435623
scr_0613_0539,ce_strong,Targeted CE expansion,observability_prob,0.5,0,124680,MEAN_LOCAL_CE_ACTIVATION,K1 mean local CE activation,MEAN_LOCAL_CE_ACTIVATION,24,0.019210167959022195,0.0,0.0192503456197725,0.0192503456197725
scr_0613_0539,ce_strong,Targeted CE expansion,observability_prob,0.5,0,124680,CEI_SIM,K2 flow-based citywide CE index,CEI_SIM,24,0.6414573616780198,0.3539093065748563,0.6472078827250548,0.2932985761501985
scr_0613_0539,ce_strong,Targeted CE expansion,observability_prob,0.5,0,124680,TRADES_COUNT_M,K3 CE flows,TRADES_COUNT_M,24,3999.6666666666665,2293.0,4024.0,1731.0
scr_0613_0539,ce_strong,Targeted CE expansion,observability_prob,0.5,0,124680,UNEMPLOYMENT,K4 unemployment,UNEMPLOYMENT,24,0.09037813957482965,0.0946913604013771,0.0902918817591241,-0.004399478642252999
scr_0613_0539,ce_strong,Targeted CE expansion,observability_prob,0.5,0,124680,D_adv_exposure,K5 spatial-advantage exposure inequality,D_adv_exposure,24,0.1707393907305407,0.1377995131295907,0.1695102504886624,0.03171073735907168
scr_0613_0539,ce_strong,Targeted CE expansion,observability_prob,0.5,0,124680,D_resources,K6 economic-resource inequality,D_resources,24,0.7731252322662249,0.3054843930626278,0.7602013071003373,0.4547169140377095
scr_0613_0539,ce_strong,Targeted CE expansion,observability_prob,1.0,0,124680,MEAN_LOCAL_CE_ACTIVATION,K1 mean local CE activation,MEAN_LOCAL_CE_ACTIVATION,24,0.019843735478939372,0.0,0.0205218590573865,0.0205218590573865
scr_0613_0539,ce_strong,Targeted CE expansion,observability_prob,1.0,0,124680,CEI_SIM,K2 flow-based citywide CE index,CEI_SIM,24,0.6428029991488172,0.3535875886442323,0.6363064096829807,0.2827188210387484
scr_0613_0539,ce_strong,Targeted CE expansion,observability_prob,1.0,0,124680,TRADES_COUNT_M,K3 CE flows,TRADES_COUNT_M,24,4007.75,2295.0,3982.0,1687.0
scr_0613_0539,ce_strong,Targeted CE expansion,observability_prob,1.0,0,124680,UNEMPLOYMENT,K4 unemployment,UNEMPLOYMENT,24,0.09035795501276771,0.0946961861703365,0.0904554038547553,-0.0042407823155811986
scr_0613_0539,ce_strong,Targeted CE expansion,observability_prob,1.0,0,124680,D_adv_exposure,K5 spatial-advantage exposure inequality,D_adv_exposure,24,0.17055772516304601,0.1378226147391717,0.1694444024425703,0.0316217877033986
scr_0613_0539,ce_strong,Targeted CE expansion,observability_prob,1.0,0,124680,D_resources,K6 economic-resource inequality,D_resources,24,0.770694164122738,0.3054913195557382,0.756768711532088,0.4512773919763498
